player_name,team
Doctor Bradley,Bethune Cookman
DA Houston,Texas A&M Corpus Chris
Monty Bowser,Cal Baptist
Skylar Wicks,Saint Francis
William Jeffress,Louisiana Tech
Kasen Jennings,Appalachian St.
Martel Williams,Cal Baptist
A.J. Staton-McCray,Seton Hall
Derrius Ward,Grambling St.
Dwayne Koroma,Connecticut
Javohn Garcia,McNeese St.
"Ronell Giles, Jr.",Quinnipiac
Ubong Abasi Etim,Southeastern Louisiana
Andres Marrero,Merrimack
Ariel Bland,Bethune Cookman
Jaquan Scott,Arkansas Pine Bluff
PJ Edwards,Grambling St.
Zion Russell,Saint Francis
Abdul Momoh,Illinois Chicago
Isaac Abidde,Albany
A.J. Neal,LIU
Ryan Dufault,St. Thomas
D.J. Smith,Campbell
C.J. Anthony,Iona
Kezza Giffa,Mississippi
Julian Mackey,FIU
John Christofilis,Seattle
Sam Silverstein,Illinois Chicago
Kanye Jones,USC Upstate
"Corey Floyd, Jr.",Providence
Malachi Smith,Connecticut
Damon Nicholas Jr.,Sam Houston St.
Jayden Jackson,Cal Baptist
Amar’e Marshall,St. Bonaventure
Trae English,Nicholls St.
Cam Palesse,Alabama St.
Cameron Crawford,Duquesne
Veljko Ilic,Sam Houston St.
Jerrell Colbert,McNeese St.
Yaya Keita,Albany
Lance Waddles,Nebraska Omaha
Christian Winborne,Nicholls St.
Jalen Forrest,Southeastern Louisiana
Vladimer Salaridze,Youngstown St.
Quion Williams,Arkansas Pine Bluff
Simeon Womack,Bethune Cookman
Edward Nnamoko,Winthrop
Trejon Ware,Arkansas Pine Bluff
Cam Thrower,Penn
Nick Krass,Nicholls St.
Koren Johnson,Mississippi
Jerome Palm,UMKC
Maleek Arington,Seattle
Will Batchelder,Stonehill
Luca Colceag,Tennessee Martin
Tre Donaldson,Miami FL
JJ Starling,Syracuse
JaVaughn Hannah,San Jose St.
Daniel Rouzan,Bethune Cookman
Julian Margrave,Nebraska Omaha
Ethan Roberts,Penn
Ante Beljan,Illinois Chicago
Tyson Commander,Loyola MD
Efrem Johnson,Clemson
"Anthony Arrington, Jr.",Mount St. Mary's
Isaiah Gaines,Southeastern Louisiana
Alex Karaban,Connecticut
Malik Dia,Mississippi
"Aaron Price, Jr.",Cal Poly
Gestin Liberis,Saint Francis
Isaiah Hicks,Gardner Webb
AJ Storr,Mississippi
Sincere Malone,Nicholls St.
Tyler Andrews,Bethune Cookman
Ernest Udeh Jr.,Miami FL
Chris Moncrief,Saint Francis
Learic Davis,USC Upstate
PJ Haggerty,Kansas St.
Leo Torbor,Texas A&M Corpus Chris
Fredrick King,Murray St.
Trayvon Barbary,Bethune Cookman
Carter Bjerke,St. Thomas
Matus Hronsky,Portland
Halil Barre,Akron
Louis Hutchinson,Alabama A&M
Ja'Sean Glover,Nebraska Omaha
Garrett Brennan,Loyola MD
MJ Russell,Louisiana Monroe
Malik Reneau,Miami FL
Sadraque NgaNga,San Jose St.
Lamine Niang,Tennessee Martin
Johnnie Walter,Penn
Vincent Iwuchukwu,Georgetown
CJ Jones,Kansas St.
Ramel Lloyd Jr.,Arkansas Pine Bluff
Cameron Tweedy,Saint Francis
N.J. Benson,DePaul
Michael Zanoni,Penn
DJ Richards,McNeese St.
David Onanina,Bethune Cookman
"Jerome Brewer, Jr.",La Salle
Alonzo Dodd,Appalachian St.
D.J. Jefferson,Gardner Webb
Tarris Reed Jr.,Connecticut
Jaxon Edwards,IU Indy
Tony Osburn,Nebraska Omaha
Andrew King,Youngstown St.
Shahid Muhammad,Florida St.
Ahmed Essahaty,Southeastern Louisiana
Tre'shawn Sheppard,LIU
Grant Stubblefield,Nebraska Omaha
Isaiah Manning,Sam Houston St.
Augusto Cassia,Mississippi
Malachi Davis,LIU
"Marlon Barnes, Jr.",Evansville
Eren Banks,Appalachian St.
"Darin Smith, Jr.",Central Connecticut
Ayomide Bamisile,Louisiana Monroe
Nazar Mahmoud,Grambling St.
Josiah Hammons,Illinois Chicago
KJ Swain,Saint Francis
"JaQualon ""JQ"" Roberts",Davidson
Jayden Ross,Connecticut
Will Heimbrodt,Seattle
Luke Wilson,Appalachian St.
Greg Gordon,LIU
Miles Rose,Albany
Silas Demary Jr.,Connecticut
Ife West-Ingram,Albany
CJ Beaumont,Sam Houston St.
Michael Nwoko,LSU
Austin Herro,St. Thomas
Jonas Sirtautas,Loyola MD
Pavle Stosic,Pepperdine
Dominique Daniels Jr.,Cal Baptist
Tyshawn Archie,McNeese St.
Addarin Scott,UMKC
Randarius Jones,Grambling St.
Sasa Ciani,Penn St.
CJ Rich,USC Upstate
Augustus Gerhart,Penn
Niklas Polonowski,Penn
James Scott,Mississippi
Tru Washington,Miami FL
"Teddy Washington, Jr.",Chattanooga
Kam Parker,Texas A&M Corpus Chris
Jonathan Griman,Cal Baptist
Jermaine Coleman,St. Thomas
Jun Seok Yeo,Seattle
Caleb Johnson,LIU
Jacolb Fredson-Cole,McNeese St.
Renato Ruiz,FIU
Okechukwu Okeke,Albany
Thomas Ndong,Cal Baptist
Yanis Ndjonga,McNeese St.
Jaylen Searles,Nicholls St.
Ethan Pickett,Southeastern Louisiana
Hamed Olayinka,FIU
Garwey Dual,McNeese St.
Saliou Seye,Grambling St.
Corey Chest,Mississippi
Tommy Humphries,St. Thomas
Ahmad Henderson II,Illinois Chicago
Paul Djobet,Nebraska Omaha
Jordan Johnson,Bethune Cookman
Hayden Tibbits,St. Thomas
Carl Cherenfant,McNeese St.
"Jamie Kaiser, Jr.",Butler
Tarique Foster,Albany
Ace Talbert,Gardner Webb
Jacob Theodosiou,Loyola MD
Seneca Willoughby,Bethune Cookman
Jakobi Heady,Bethune Cookman
Troy Cicero Jr.,Loyola MD
Jordan Stiemke,Loyola MD
Chico Johnson,USC Upstate
Dragos Lungu,Tennessee Martin
Chad Moodie,Appalachian St.
Adrian Myers,San Jose St.
Isaiah Miranda,LIU
Brock Felder,Seattle
Ajay Tew,Louisiana Monroe
Jayson Petty,UMKC
Adam Tauer,St. Thomas
Ben Oosterbaan,St. Thomas
Jaylin Stewart,Connecticut
Solo Ball,Connecticut
Paul Lindberg,Gardner Webb
Zach Matulu,Albany
Bautista Giralt,Albany
C.J. Booker,Southeastern Louisiana
Pasha Goodarzi,San Jose St.
Colby Garland,San Jose St.
Jalin Rice,Nicholls St.
Corey Stephenson,FIU
Niko Abusara,Dartmouth
Mekhi Lowery,Illinois Chicago
Xinyi Li,LIU
"Dennis Parker, Jr.",Radford
TJ Power,Penn
Roderick Coffee III,Grambling St.
Nasir Muhammad,Albany
Po'Boigh King,Sam Houston St.
Casmir Chavis,UT Arlington
Jamal Fuller,LIU
Michael Marcus Jr.,Appalachian St.
Jordyn Kee,Miami FL
Sam Springer,Loyola MD
Marcus Overstreet,San Jose St.
Nicholas Shogbonyo,Texas A&M Corpus Chris
Houran Dan,Seattle
Amir Lindsey,Albany
Mykolaus Ivanauskas,Mercyhurst
Karmani Gregory,USC Upstate
Breylin Garcia,USC Upstate
Larry Johnson,McNeese St.
Zach Day,Mississippi
Max Smith,Mississippi
Babacar Mbengue,UMKC
Andrin Njock,Appalachian St.
Valentino Simon,Nebraska Omaha
Kamryn Thomas,Nebraska Omaha
Malcom Stute,Florida A&M
Dennis Asoro,Arkansas Pine Bluff
Ibrahim Olajuwon,FIU
Ashton Williamson,FIU
Jaxson Ford,Sam Houston St.
Tim Franks,St. Thomas
Kevin Pazmino,Nicholls St.
Amael L'Etang,Dayton
Somto Cyril,Georgia
Christian Richardson,Nebraska Omaha
Josh Clark,Marquette
Trey Weiand,Saint Francis
"Ryan Jackson, Jr.",William & Mary
Ma'Kye Taylor,Albany
Dylan Williams,Penn
Renars Sondors,Louisiana Monroe
Jermaine Washington,San Jose St.
Ben Roseborough,San Jose St.
Ralph Martino Jr.,Saint Francis
Afan Trnka,Tennessee Martin
Kayden Crosby,Texas A&M Corpus Chris
Sheldon Williams,Texas A&M Corpus Chris
"Paul McNeil, Jr.",N.C. State
Jalen Dollar,Cal Baptist
Yaphet Moundi,San Jose St.
Kernan Bundy,UMKC
JJ Rembert,McNeese St.
AJ Levine,Penn
Alex Massung,Penn
Devon Malcolm,Cal Baptist
Ray Adams,Seattle
Yuto Kawashima,Seattle
"Juan Cranford, Jr.",Eastern Kentucky
My'kel Jenkins,Norfolk St.
Ben Menker,Loyola MD
Jacob Hogarth,Gardner Webb
Jacob Hudson,Gardner Webb
Pharell Boyogueno,Winthrop
Colin Hawkins,Gardner Webb
Cameron Gales,Gardner Webb
Brayden Maldonado,Seattle
Braeden Speed,Loyola MD
Micah Davis,IU Indy
Austin Maurer,Seattle
Travis Perry,Mississippi
Nic Book,USC Upstate
Carmelo Adkins,USC Upstate
Isaiah Skinner,USC Upstate
Cameron O'Kelley,Appalachian St.
Kyle Edison,Southeastern Louisiana
Jeremy Elyzee,Southeastern Louisiana
Jason Clarke Jr.,Appalachian St.
Jaiden Lawrence,Southeastern Louisiana
Jamil Muttilib,Grambling St.
Zawdie Jackson,FIU
Eduardo Klafke,Mississippi
Nick Janowski,St. Thomas
Brit Harris,FIU
Danilo Dozic,Pepperdine
Shadrak Lasu,LIU
Eddie Munyak,LIU
AJ Patterson,Air Force
Aidan Skradis,Nebraska Omaha
Ketron Shaw,Old Dominion
Ajay Holubar,IU Indy
Peter Sposito,Loyola MD
Anthony Sellars,Arkansas Pine Bluff
Alec Millender,Connecticut
Carlos Harris III,Illinois Chicago
Jayce Nathaniel,Illinois Chicago
Kasheem Grady II,UMKC
Jaden Goodall,San Jose St.
Victor Payne,Saint Francis
PJ Dobuol,Southern
Michelangelo Oberti,Penn
AJ Hopkins,Tennessee Martin
Pedro Santos,Tennessee Martin
William Gonzalez,Bethune Cookman
Micah Caster,Louisiana Monroe
Isaiah Johnson-Arigu,St. Thomas
Jae'Coby Osborne,New Mexico St.
Kyle Counts,St. Thomas
Ryan Lafferty,St. Thomas
Nolan Minessale,St. Thomas
Kyle Brown,Arkansas Pine Bluff
Justin Begg,Sam Houston St.
Makhi Myles,Southeastern Louisiana
Quentin Heady,Bethune Cookman
Bradey Henige,Cal Baptist
Chidube Ekwommadu,Fairleigh Dickinson
Marcus Allen,Miami FL
Khamani Cooper,Nebraska Omaha
Seth Jones,Southeastern Louisiana
P.J. Eason,Alabama A&M
Andrija Bukumirović,Tennessee Martin
Samuel Yurasek,Loyola Chicago
Rubén Prey,St. John's
Rickey Ballard,Grambling St.
Matija Žužic,West Georgia
Filip Radaković,Tennessee Martin
Mihailo Boskovic,BYU
Elijah Crawford,Illinois Chicago
Garrett Sever,IU Indy
Gabe Stewart,IU Indy
Sebastien Emenalo,Loyola MD
Carter Berg-McLean,Loyola MD
Everett Barnes,Loyola MD
Alex Mirhosseini,Arkansas Pine Bluff
Eric Reibe,Connecticut
Julius Clark,Gardner Webb
Lavell Brodnex,Louisiana Monroe
"Dwayne Wimbley, Jr.",Massachusetts
Ahmad Harrison,Saint Francis
Daniel Michelini-Jackson,Texas A&M Corpus Chris
Cedric Horton,Texas A&M Corpus Chris
Rontavious Blackshear,Youngstown St.
Hantz Louis Jeune,South Alabama
Finley Woodward,IU Indy
Eren Karakaya,San Jose St.
Josh Ward,Cal St. Fullerton
Jaden Kempson,Albany
Abdoulaye Fall,Albany
Cam Thomas,Tarleton St.
Thiago Sucatzky,FIU
William Ball,Louisiana Monroe
Samuel Nosakhare,Quinnipiac
NaVuan Peterson,Gardner Webb
Christopher Jones,Georgia St.
"John Laboy, II",Miami FL
Noam Dovrat,Miami FL
Salih Altuntas,Miami FL
Shelton Henderson,Miami FL
"Will James, Jr.",Toledo
Emmett Adair,Loyola MD
Zachary Johnson,UCF
Jordan Matthews,Nicholls St.
Grant Sanders,Nicholls St.
Zaiden Cross,Nicholls St.
Benjamin Winker,Cal St. Fullerton
Mason Porter-Brown,LIU
Fabian Flores,DePaul
Tyler Smith,USC Upstate
Mason Bendinger,USC Upstate
Nicolus Anderson,Loyola Chicago
Cenker Evran,Texas A&M Corpus Chris
Niko Bundalo,Mississippi
Paris Papadatos,Saint Francis
Elmir Dzafic,Arkansas
Devyn Franklin,Grambling St.
Hobert Grayson IV,Mississippi
"Mario Tatum, Jr.",VMI
Matthew McCarthy,Florida Gulf Coast
"Jason Thirdkill, Jr.",Jacksonville
Charlie OSullivan,Brown
Patton Pinkins,Mississippi
Gael Dalmau Torresola,Niagara
Franck Yetna,Texas A&M Corpus Chris
Mason Gibson,Texas A&M Corpus Chris
Antonio Munoz,Grambling St.
Patrick D'Arcy,East Carolina
Kevo St.Hilaire,Cleveland St.
Christian Jeffrey,Villanova
Stratos Papastavrou,Seattle
Jomo Goings,LIU
Vladimir Khryapa,Tennessee Martin
Matas Deniusas,Tennessee Martin
Damien King,Tennessee Martin
Trevon Payton,Arkansas Pine Bluff
Ahmadou Ndiaye,Gardner Webb
Dylan Diaz,Louisiana Monroe
Max Ndlovu-Fraser,LIU
Kiwane Garris Jr,Cal St. Fullerton
Uroš Paunović,Connecticut
Or Faran Frenkel,Mercyhurst
Christopher Leman,Mercyhurst
Cameron Ward,Michigan St.
Jacari Brim,Appalachian St.
Ace Glass lll,Washington St.
Miles Amos,Seattle
Joseph Green,Bryant
Jacobe Coleman,Sam Houston St.
Jacob Furphy,Connecticut
"Donald Whitehead, Jr.",UNC Greensboro
Nate Garcia,Cal Baptist
Jordan Muller,Cal Baptist
Rene D'Amelio,Cal Baptist
Kameron Tinsley,IU Indy
Ahmad Johnson,Arkansas Pine Bluff
Miles Daniels,Cal Baptist
Ilias Kamardine,Mississippi
Milhan Charles,Arkansas Pine Bluff
Payton Kamin,Penn
Jay Jones,Penn
Lucas-Allan Lueth,Penn
William Kruse,Penn
Dalton Scantlebury,Penn
Jalen Tot,Appalachian St.
Matt Compas,IU Indy
Maguire Mitchell,IU Indy
Reece Hagy,IU Indy
Andrija Grbovic,Arizona St.
Arterio Morris,Bethune Cookman
Riek Riek,Gardner Webb
Michael Collins,Louisiana
D'Andre Harrison,UMKC
Jaden Haire,Texas A&M Corpus Chris
Trenton Pane,Texas A&M Corpus Chris
Asier Miguel Torrero,Manhattan
Harrison Pickett,Arkansas Pine Bluff
"AJ Dent, Jr",Tarleton St.
Corey Boston,IU Indy
"Rob Lee, Jr.",Lamar
Aiden Miller,IU Indy
Ty Price,Tennessee Martin
Filip Petkovski,Tennessee Martin
Ama Sow,Tennessee Martin
Douglas Langford,San Jose St.
Japhet Moupadele,San Jose St.
Devon Kobi Pearson,Texas A&M Corpus Chris
Bryson Wheatfall,Texas A&M Corpus Chris
Jamias Ferere,Gardner Webb
Spence Sims,Gardner Webb
Richard Amaefule,Grambling St.
Cam Campbell,Louisiana Monroe
Domanic Betancourt,Nicholls St.
Jalik Dunkley,Nicholls St.
Kristupas Kepezinskas,Rider
Peitok Machar,McNeese St.
JP Dragas,IU Indy
Anthony Smith lll,North Dakota
Dante Allen,Miami FL
Charles Pugh,Colgate
Jack Tauer,St. Thomas
Przemek Hartman,Louisiana Monroe
Christopher Nwuli,Rutgers
Semetri (TT) Carr,California
Chris Dockery,UMKC
Melvin Weaver III,Saint Francis
Brandon Russell,Saint Francis
Eric Dibami,FIU
Melvin Bell Jr.,San Jose St.
Travis Pourciau,Arkansas Pine Bluff
Rickey Mitchell Jr.,Bethune Cookman
Jafeth Martinez,USC Upstate
Harrison Beauchamp,Central Arkansas
Ilija Milijasevic,DePaul
Dailon Minor,Bethune Cookman
Chancellor Perkins,Grambling St.
Raúl Villar,Charlotte
Darrae Goodwin,San Diego
Brandon Roy Jr,Washington
Joshua Dalton,Loyola Marymount
Coen Collier,USC Upstate
Faheim Meran,LIU
John Shulman,Central Arkansas
Chiante Tramble,Southern Miss
Garrett Shoemaker,Southeastern Louisiana
Peter Hemschemeier,Southeastern Louisiana
Cameron Hiatt,Dartmouth
Jimel Lane,Grambling St.
Christopher Parker,South Carolina St.
Tavaj Cope,New Orleans
Lav Cvetkovic',IU Indy
Kennedy Brown,FIU
Jamal Ambrose,Texas A&M Corpus Chris
KaiMani Murdock,Lafayette
Joseph Grahovac,St. Bonaventure
A.J. Gladieux,Charleston Southern
Mekhi Fitts,Grambling St.
Krystian Lewis,Louisiana Monroe
Alex Huguet Carrasco,Louisiana Monroe
Alex Molofeev,Louisiana Monroe
Jai’chaunn Hayes,Arkansas Pine Bluff
Kashie Natt,Sam Houston St.
Daniel Etiosa James,Central Connecticut
Timotej Malovec,Miami FL
Jojo Murphy,Seattle
Amarion Nimmers,FIU
Filip Jovic,Auburn
Abdullahi Bashir,Auburn
Andrija Jelavic,Kentucky
Jalen StClair,Delaware St.
"Fawaz ""Tacko"" Ifaola",Colorado
Braylon Mullins,Connecticut
Tavarus Webb,Georgia Southern
Kyler D'Augustino,IU Indy
Simm Saadi,Wyoming
Jacob Walker,Sam Houston St.
Matt Dann,Sam Houston St.
Sivert Wærstad Nordheim,Indiana St.
Brock Scholl,Nebraska Omaha
Andy Johnson,Illinois Chicago
Rashund Washington Jr,Illinois Chicago
Tai Walters-Whitaker,Illinois Chicago
X’Zaevion Barnett,Mississippi Valley St.
Johann Grünloh,Virginia
Jamaria Clark,UMKC
CJ Evans,UMKC
Karmello Branch,UMKC
Trey Booker-Lowery,UMKC
Timeo Pons,New Mexico
Ruben Dominguez,Texas A&M
"Ashley Sims, II",Bryant
Rrezon Elezaj,Connecticut
Zee Hamoda,Nicholls St.
"Owen Bronston, Jr.",South Carolina St.
William Kutzler,Princeton
Bo Barber,Gardner Webb
Aydan Clinton,FIU
Ja'Cobi Hall,Florida A&M
Samuel Noland,Portland
