team,num_players,total_current_usage,total_optimal_usage,usage_concentration,top_2_usage,top_3_usage,weighted_team_bpm,potential_team_bpm,bpm_improvement_potential,overutilized_count,underutilized_count
Evansville,10,192.33946597262388,210,0.3012060433403479,57.93380952380952,80.11714285714285,-4.823651619995955,-1.788198876391921,3.0354527436040337,1,1
Eastern Michigan,12,224.36439617609489,310,0.2169300182138495,48.67137254901961,72.04470588235294,-3.632533031879154,0.9759535163396106,4.608486548218765,1,7
Nebraska,10,187.24169910069293,170,0.26000299930606846,48.683403361344546,69.71768907563026,3.012616388048469,9.025453992921582,6.012837604873113,3,1
UCF,11,204.12001457152905,235,0.2468939279945184,50.39599217986314,71.7347018572825,0.5832930015098311,5.550820126196929,4.9675271246870984,3,6
East Texas A&M,11,199.3781807040378,195,0.24863612895137177,49.57261904761904,71.7992857142857,-4.9074020267181435,0.4736742104982415,5.381076237216385,4,4
Kent St.,11,196.8628050779865,205,0.26448304939764467,52.066874999999996,72.79590725806452,-2.68169947675547,1.6799651367003765,4.361664613455846,3,4
UC Santa Barbara,11,207.25554324028457,165,0.22511259580276824,46.655833333333334,67.71916666666667,-0.7582154595120048,0.779654494354166,1.5378699538661706,4,0
Memphis,13,243.21601884841013,265,0.19852630782473676,48.28477822580645,70.44077822580644,-1.809724914928649,2.9962609740502093,4.805985888978858,3,4
Gonzaga,11,212.26478626510885,245,0.248296522575842,52.70460829493088,76.85460829493087,4.518753792256375,6.3206874707946925,1.801933678538317,2,5
Delaware St.,12,241.35094154183412,240,0.23444464932072487,56.58343685300207,80.84226038241383,-9.455588017672268,-5.329453306499138,4.12613471117313,3,4
Rhode Island,10,181.98751147639075,180,0.28459230498950683,51.79224537037037,73.13707295657727,-1.209916381830518,4.328898845842159,5.538815227672677,4,4
Siena,8,144.3911841606669,150,0.32599932499377016,47.07142857142857,70.08571428571429,-1.2991042705633966,2.572541095036475,3.8716453655998713,3,3
Southern Miss,11,218.07076091800354,195,0.31847460754316254,69.45,99.11060606060606,-5.204853265110007,-1.5134833759229671,3.6913698891870395,5,3
High Point,11,200.3039783454624,225,0.26725053161273055,53.5313446969697,75.97717803030304,1.8722429517388106,4.176273549823606,2.304030598084796,1,4
McNeese St.,9,169.00079205069125,215,0.34023509181396655,57.5,77.3875,2.3079880023972597,7.351037018890038,5.043049016492779,1,5
Georgia Southern,10,181.52055799592566,200,0.2873661127905302,52.16285714285715,74.4246218487395,-3.003934212004912,0.9118700412392683,3.9158042532441804,2,3
Texas A&M,10,197.33041109625668,210,0.2398405946368228,47.3278431372549,68.46420677361854,2.297867878274075,6.664356825545097,4.366488947271022,2,5
Texas,9,166.31376623376622,155,0.3241205794711295,53.905714285714275,76.04857142857142,2.6161540730104376,4.090519812169063,1.4743657391586256,2,0
Hawaii,10,192.6174365385754,180,0.2795613318526851,53.84838709677419,74.48052995391704,0.14675142429603816,3.405607103261596,3.258855678965558,2,2
Saint Peter's,12,213.0683942038354,220,0.26848031846029935,57.20467032967032,77.3162087912088,-3.1292927432432918,0.03730804738022861,3.1666007906235203,4,4
Maine,11,210.06749407234426,245,0.23187682046571512,48.70978260869565,71.04526647966338,-5.451496189218776,0.44609254545059684,5.897588734669373,1,4
Cincinnati,12,224.96315519916587,220,0.20246445677039282,45.54704301075269,67.19543010752687,1.5741937193599045,5.935343373946417,4.361149654586513,5,3
USC,10,197.03499508814062,220,0.29779626552145105,58.676285714285726,82.31822119815669,0.40397504653946714,4.505058095521136,4.1010830489816685,2,3
Murray St.,11,209.47698863636367,205,0.2668116887432037,55.89090909090909,80.1846590909091,-1.076542454784853,2.9022581359705155,3.9788005907553687,3,3
UC Irvine,10,185.41297653958944,200,0.2691289516585984,49.900000000000006,73.4030303030303,-0.7599862747123673,3.629869140081859,4.389855414794226,2,3
Oklahoma St.,14,248.25880925574353,250,0.18603626545393956,46.18514173998045,68.02360327844198,-0.2438320279254056,3.7335030290696083,3.977335056995014,5,3
Mount St. Mary's,12,216.99788424528137,200,0.21154928439093756,45.90574712643678,68.35019157088122,-3.532812357327496,-1.2283373930316126,2.304474964295883,4,2
Iowa St.,10,189.9578666061019,250,0.2832871310310371,53.81261904761905,76.78614845938375,4.998262162483018,9.396435748097968,4.39817358561495,0,7
Vanderbilt,10,187.81840659340656,240,0.2750567168720079,51.66071428571429,73.16071428571429,3.5072969058855024,6.683852185672359,3.176555279786857,1,7
Cal St. Bakersfield,10,192.42362300534717,200,0.2738569771273539,52.69655172413793,74.54155172413793,-5.805697154306697,-1.4214242363874925,4.384272917919204,2,3
Jacksonville St.,11,196.00792298655864,215,0.2794046098082213,54.76551724137931,73.81551724137931,-2.9845868395305537,1.6739017144287414,4.658488553959295,2,5
Liberty,10,186.46188172043009,200,0.24450210498787406,45.59032258064515,66.21115591397849,-4.2674768542870325,-5.336317492465332,-1.0688406381782993,2,3
Hampton,11,220.58424375624378,255,0.23589100244774644,52.0338383838384,77.1418383838384,-5.510451147256363,-0.332246907221475,5.178204240034888,1,4
Duquesne,13,234.42757588367684,255,0.20594846752993162,48.28,71.63806451612902,-2.129854959516234,3.6408217725267025,5.770676732042936,5,5
Appalachian St.,9,157.96548365427674,175,0.32502881101357156,51.34333333333334,70.39160919540231,-1.3924738952356077,1.4511476434219204,2.843621538657528,1,3
George Mason,11,202.01935979635135,195,0.24750172608634044,50.00014025245441,71.05951525245442,-0.3909917499192467,3.5357825495206754,3.926774299439922,4,4
Louisville,12,247.25958497408627,260,0.2691830743187197,66.55809523809525,94.07868347338936,4.27239530764907,10.767720472893293,6.495325165244223,3,5
Tennessee Tech,13,251.19233911016522,235,0.23000959566011805,57.77664835164836,82.45664835164837,-5.844611536545974,-1.9811682078560569,3.8634433286899172,6,4
South Carolina,12,211.69179322991823,220,0.26918556515844394,56.984375,75.49375,-0.6569258775157817,3.2319458850343827,3.8888717625501643,4,6
Georgetown,11,240.53622039724982,245,0.3526792876226336,84.83214285714286,109.33214285714286,-11.427765625429542,-1.9323957216455636,9.495369903783978,3,3
Tarleton St.,13,247.76523451444237,225,0.23135413008939132,57.321510297482845,81.54503970924755,-3.756835477138737,0.369467350865777,4.126302828004514,5,2
Prairie View A&M,8,152.91918997668998,180,0.37606790886589286,57.508,79.75345454545455,-3.953603850068722,0.47039707521352464,4.424000925282247,2,4
NJIT,13,241.65347431501343,215,0.23431789016080118,56.623732251521304,81.7206072515213,-5.984839172865437,-1.7168242961837386,4.268014876681698,6,2
Saint Francis,12,204.26164450454513,190,0.2546184886298315,52.00879120879121,72.62603258810155,-7.364055873162508,-6.9379411622645595,0.4261147108979486,4,1
Rice,11,195.33555241609963,235,0.2505149838488259,48.93448275862069,68.60344827586206,-3.753575036405319,0.9859120747899864,4.739487111195305,2,7
N.C. State,10,180.89820203081234,210,0.28887441753675996,52.25686274509804,71.73333333333333,2.688354729047935,6.771587144871378,4.083232415823444,1,5
Winthrop,11,202.7563799283154,215,0.2508527722677939,50.861999999999995,70.80070967741935,-1.0994347572063496,2.5151071539089167,3.6145419111152663,3,5
San Diego,13,248.55547943417713,285,0.2109013640516203,52.42068965517241,74.165850945495,-3.1878570510194058,0.5691528084754297,3.7570098594948353,3,6
Oklahoma,10,183.9882876524181,200,0.25668496418775344,47.22702702702702,69.57567567567567,1.9283394519540165,4.953340138204986,3.0250006862509693,2,4
Villanova,10,182.1476005747127,200,0.26274063235845757,47.85757575757576,69.06363636363636,1.9424064888601809,4.407436106857654,2.465029617997473,2,1
Mississippi St.,11,220.7029583030156,205,0.2663096561971427,58.77532894736841,84.23199561403507,-0.17893229440760544,5.460982069054219,5.639914363461824,4,1
Canisius,11,202.79442471072156,165,0.24944801484965176,50.58666666666666,72.05589743589744,-8.51921100217464,-4.157007746736124,4.362203255438516,5,2
Western Illinois,13,250.29688908171968,285,0.1990303069663881,49.81666666666666,73.10797101449275,-9.520464232167736,-4.87016391800474,4.650300314162997,1,6
Utah Valley,11,203.3195244415289,185,0.26776540833159146,54.44193548387097,77.2483870967742,0.00738889124295139,5.040124116539167,5.032735225296216,5,4
New Mexico St.,11,204.74138752052545,235,0.2730105153679994,55.896551724137936,78.5896551724138,-1.2436244244935097,4.168256858649448,5.411881283142957,3,6
San Francisco,11,232.83584159499924,235,0.27300043360528264,63.5642857142857,87.0565934065934,-5.401382660654111,3.148549492119265,8.549932152773376,4,4
Alabama,12,217.2089433129507,220,0.24446756342364243,53.10054112554113,74.39669497169498,3.797629596678962,6.961348544050867,3.1637189473719047,3,4
Western Kentucky,12,215.10130771094637,190,0.24380863191231422,52.44355555555556,74.68022222222223,-2.2473795547159012,2.8900777141984566,5.137457268914358,5,2
Cal St. Northridge,9,169.32466397849464,175,0.3078405636559847,52.125,73.67983870967743,-3.3605679089244997,2.3757384637062953,5.736306372630795,2,2
Connecticut,11,195.96173816422655,215,0.24675520439635515,48.35457875457875,70.25201465201465,4.935154520316067,8.212874432010874,3.277719911694807,2,3
Cal Baptist,13,228.904049824306,195,0.23948104832683043,54.81818181818182,75.95757575757577,-0.25875394302700405,2.979175815716913,3.237929758743917,6,2
Portland St.,11,181.51790849282858,215,0.3239546550355645,58.80357142857144,76.78049450549452,-1.834149907205815,2.5103579883855844,4.344507895591399,3,5
Virginia,12,224.2988971786173,230,0.23469427326138928,52.641666666666666,74.07069892473119,2.3721417026212586,3.525106191753161,1.1529644891319024,3,2
Michigan St.,11,194.33442084165046,195,0.24249803036238105,47.12571428571429,67.02285714285715,3.6395536940208966,7.1344549260905055,3.494901232069609,2,4
Tulsa,10,184.50816993464053,200,0.29512305280776485,54.45261437908497,79.8748366013072,2.3139428551307346,5.881442842088023,3.5674999869572885,3,5
Arkansas,9,171.2770378649326,225,0.3014227852452364,51.626801801801804,73.05653153153153,3.893537448829751,7.909049035648359,4.015511586818608,0,6
Missouri,13,240.06876807780037,245,0.20206331418075305,48.509090909090915,70.68686868686869,-0.4502091402511694,3.2346276465541313,3.6848367868053007,4,5
Pepperdine,11,193.38324712643677,205,0.2585884114044873,50.00666666666667,68.88333333333333,-3.9616297536700493,-0.3030683360942631,3.658561417575786,1,3
Mercer,9,160.85221847870486,185,0.3103941411507882,49.92758620689654,69.96896551724137,-1.5766290644053709,1.007761106463934,2.584390170869305,1,3
Illinois St.,10,191.45306070155337,210,0.28802655843894365,55.143566176470586,76.63785189075631,0.9199395623736611,4.434625710107826,3.514686147734165,1,3
Samford,10,185.3928148065217,220,0.29064700836064106,53.883866995073895,72.63743842364532,-3.0653084941279225,1.5507412679127839,4.616049762040706,3,6
Arizona,12,216.29166306792624,260,0.20993534523337054,45.40726495726496,66.63290598290598,4.896552022564999,7.062033686907348,2.165481664342349,4,6
Southern Utah,10,198.86995369028836,230,0.3457935703326743,68.76795131845842,89.26795131845842,-4.523898923826227,-2.9547572794337076,1.5691416443925195,1,4
Coppin St.,14,281.4824965306551,280,0.1785131720538829,50.248333333333335,73.84,-8.840402597553805,-7.3166772223060015,1.5237253752478033,3,2
Illinois Chicago,11,211.77694429664535,225,0.29470625174566834,62.411989459815544,82.59532279314888,-1.3886827542708464,2.2766388795751507,3.665321633845997,2,4
Saint Joseph's,10,185.06384898190046,190,0.24504360784006657,45.34871323529412,66.57371323529412,-1.140394441756348,7.96395001371118,9.104344455467528,2,2
East Tennessee St.,10,191.1922492494065,230,0.2585748124941496,49.4375,72.06653225806451,-0.8693319064301965,4.856419303502164,5.72575120993236,1,4
Eastern Kentucky,11,216.57947784277798,225,0.23858560198187445,51.67274509803922,74.86904139433551,-4.186347416464139,-2.2694881325681333,1.916859283896006,1,3
Middle Tennessee,9,164.221921182266,195,0.2825654939474249,46.403448275862075,69.41379310344828,-0.9139433032171108,2.4867909217697513,3.400734224986862,2,4
Bryant,10,189.60396681358569,200,0.269810509330954,51.15714285714286,74.17093596059114,-7.502241424101202,-5.04958594075181,2.4526554833493917,2,2
Texas A&M Corpus Chris,12,233.7175301794657,230,0.2107507207234817,49.25613793103448,70.61613793103447,-2.7480926400722643,0.4368389817541686,3.1849316218264327,3,3
UTEP,9,165.74932763532766,185,0.2776137096346102,46.01428571428572,67.66628571428572,-3.8927674503075442,1.8006845347223657,5.69345198502991,2,2
Marshall,12,206.69908568757094,180,0.25056007123655516,51.790537634408594,73.67720430107526,-3.117815265422016,3.802973417633115,6.920788683055131,5,1
SMU,10,174.6468531060443,190,0.28233138984825473,49.308288770053466,68.81900305576775,1.5548825569967986,5.6682040361464185,4.11332147914962,1,3
Quinnipiac,10,183.44929602556635,230,0.28324992859475645,51.962,75.64264516129032,-2.904966781858928,-0.11936785911722897,2.7855989227416993,0,3
Tennessee St.,11,193.48075351213282,225,0.26334106957172615,50.95142857142857,73.29809523809524,-2.298847527449591,2.172342839238565,4.471190366688155,2,3
Michigan,11,206.62353937728938,225,0.22568822574881092,46.63250000000001,69.22625000000001,7.658252558988733,10.542933425037793,2.8846808660490604,3,3
Bradley,10,202.74996002037176,210,0.28372890899537867,57.526024955436725,79.01002495543673,-2.841448516397147,0.5060592812083133,3.34750779760546,2,4
Ohio St.,9,166.1168857403665,175,0.28337144684759646,47.07278225806452,70.33160578747629,3.6691649277186786,6.95036402026466,3.281199092545981,3,3
Maryland Eastern Shore,14,257.84619724478415,260,0.19414120496432505,50.058571428571426,73.6652380952381,-7.538845915572619,-4.215646592402458,3.3231993231701606,4,4
San Diego St.,11,208.6681126124987,215,0.21099594206691852,44.028125,64.98267045454546,2.663683905182637,6.684884563426271,4.021200658243634,3,2
Notre Dame,11,214.97090454488935,225,0.30736803813088875,66.07518518518519,90.33647550776584,0.7858535279953748,4.678717913114286,3.8928643851189113,4,5
Iona,11,197.5543231722611,205,0.25664108666109453,50.70055617352614,72.10055617352614,-2.974354977293081,1.187674263653505,4.162029240946586,3,3
Central Connecticut,11,203.61367775742775,205,0.27450443289691123,55.89285714285714,78.77619047619046,-5.517974589532402,0.046508824894908186,5.56448341442731,4,4
UNLV,10,183.60667868250965,200,0.25977845231875557,47.69705882352941,68.27770398481974,-0.48795013740024706,1.9172531468059018,2.4052032842061486,4,5
Fairfield,10,192.46881621667808,210,0.24812699997565463,47.756709956709955,70.3900432900433,-4.533482863839566,-2.2859782455782773,2.247504618261289,1,3
Bowling Green,10,188.44176969214232,240,0.2735942416393584,51.55658307210031,73.68072100313479,-2.11216925889138,0.8111789136987235,2.923348172590104,1,6
Grambling St.,12,220.9714433320519,220,0.22486203909778035,49.68808933002481,70.07655086848635,-6.2978478857436855,-3.6328299869717187,2.665017898771967,4,4
Seton Hall,11,216.50293316226782,155,0.28225945536820224,61.11000000000001,82.66757575757576,-4.863673513376429,5.242864397196343,10.106537910572772,6,3
South Dakota,10,199.18540839428772,210,0.28270316225232633,56.310344827586206,78.53534482758621,-3.355787301369968,-2.0730053379434645,1.2827819634265034,4,4
UC Davis,11,211.115165315393,245,0.22720208839547343,47.965806451612906,69.62913978494623,-2.578297803880462,0.9910390856758832,3.569336889556345,1,5
Chicago St.,12,232.02244438731867,250,0.21147289353758975,49.06645768025078,73.04793916173226,-8.685262468527599,-1.062870095438138,7.622392373089461,4,4
North Alabama,11,203.1268374218374,195,0.26301300546048123,53.425,75.67142857142858,-5.547556374846687,-2.8477033304501598,2.6998530443965274,3,1
Wisconsin,12,238.13663856761343,270,0.25476370118219327,60.668571428571425,89.2542857142857,0.22688466414820008,2.2153292684158945,1.9884446042676944,2,5
UNC Asheville,7,133.12099616858237,145,0.4278969554388052,56.96206896551725,83.37241379310346,-2.13924557568821,1.2925452110566327,3.4317907867448425,2,3
VCU,11,210.66386584741426,255,0.22611060108350323,47.633333333333326,69.43904761904761,2.400469237041837,7.535076624459638,5.134607387417801,2,6
LSU,10,206.99914620608595,220,0.3006122556718467,62.22648026315789,88.8514802631579,-1.145665631996903,4.642524410406984,5.788190042403887,1,3
North Dakota St.,10,189.7045617816092,190,0.2653928191048733,50.346228448275866,72.00872844827586,-0.7420762084469497,2.23675599927776,2.97883220772471,1,1
Washington,12,232.2963876863877,220,0.2303770545412297,53.515757575757576,77.83575757575758,-1.4212765798385505,3.3953404991300657,4.8166170789686165,3,2
Montana,11,190.47546037296036,185,0.29317862376596615,55.843333333333334,74.45333333333333,-2.610973290836593,0.38878298411223233,2.999756274948825,5,3
Morgan St.,12,220.07418449220526,160,0.24977267845091314,54.96851851851852,78.65547504025766,-9.537576620249162,-3.024207609391154,6.513369010858008,7,1
Wright St.,11,202.21326480990277,195,0.2650011238116273,53.58674242424243,77.52122518286312,-0.6052002871676515,3.666792935746876,4.271993222914528,3,2
Boise St.,9,183.10733990147784,195,0.277305468442649,50.776666666666664,73.17321839080459,0.3233144873780683,6.892590336584554,6.569275849206486,2,4
Texas St.,10,193.57165072925721,200,0.2734091106532266,52.92425287356322,77.51758620689657,-3.19504646936328,0.8124515321054532,4.007498001468733,3,4
Oral Roberts,10,193.40515599343186,220,0.2923289751199954,56.53793103448277,77.70000000000002,-3.4256514955439403,1.3944988060008716,4.820150301544812,3,4
Alabama A&M,12,208.46482033516386,210,0.2321574766853029,48.39666666666666,70.25023809523809,-5.065115356185347,-2.9574659559558047,2.107649400229542,3,2
New Mexico,11,220.41624740218668,245,0.2337914249914652,51.53142857142857,75.66084033613444,2.280328176711472,8.313438098093078,6.033109921381606,1,5
Purdue,10,176.52423040449352,160,0.2923052567951998,51.5989604989605,71.48613998613999,5.601682198737659,10.647170716762036,5.045488518024377,5,4
UMBC,11,205.4970557629635,235,0.2222091852547271,45.66333333333334,65.23229885057472,-1.1422647402641377,3.180412850022114,4.3226775902862515,2,6
FIU,9,171.99497017364334,195,0.2849397340441012,49.00820105820105,69.99785623061484,-1.3247103009987864,2.572870598721266,3.8975808997200523,1,4
Charleston Southern,12,219.36931107169448,250,0.2724745709896677,59.77255892255892,79.74497271566237,-1.5077534280350853,1.2542903384665125,2.7620437665015976,1,5
Maryland,9,190.2084393939394,205,0.29236506648965727,55.61030303030303,81.35878787878788,0.11494428089982378,4.983365060550996,4.8684207796511725,2,5
Sacred Heart,10,191.3416203522316,170,0.2615458952029917,50.04461538461538,70.79128205128205,-5.902284277816018,-1.6550466760452218,4.247237601770796,3,2
South Alabama,8,152.93200716845877,150,0.37624493092369166,57.539892473118286,76.93344086021506,-4.272470353347234,2.0800599125315298,6.352530265878764,2,2
Fordham,10,179.98943352590814,190,0.3128933499257083,56.31749680715198,77.2447695344247,-0.46441963046684076,1.3127953849859455,1.7772150154527862,3,4
Troy,12,230.142831117333,300,0.2370141842776141,54.54711538461538,76.45620629370629,-3.202404594571078,0.5333815743501082,3.7357861689211864,2,7
Mercyhurst,9,167.39551747311828,135,0.3255388843297495,54.493750000000006,74.17041666666667,-2.99775185317686,-0.4537094463800882,2.5440424067967715,4,2
Coastal Carolina,10,179.2486629266012,200,0.3041188834313839,54.512903225806454,75.78709677419356,-2.9144514987912644,-0.06946644914985839,2.844985049641406,2,3
Northern Arizona,12,233.63411664131306,230,0.2280385543550174,53.277586206896544,76.29681697612732,-5.622573010438152,1.652301349586377,7.274874360024529,3,3
Jackson St.,10,178.3611347678247,180,0.32353601066239607,57.70625,79.59553571428572,-4.176257008113456,-0.28522873280053396,3.891028275312922,5,3
Montana St.,9,175.46386388263304,165,0.2829190750482927,49.642074074074074,72.89762962962963,-1.7888877109941013,1.1412682275665884,2.9301559385606897,3,1
Chattanooga,9,182.8755972995853,195,0.2758308346249571,50.442728635682165,74.0855857785393,-3.6079807538726594,-0.33960120099325647,3.268379552879403,1,3
South Florida,11,203.26318793706292,215,0.2482783593430441,50.465850815850814,73.80827505827506,0.3621934790898803,5.969082504473414,5.606889025383534,4,3
St. John's,10,195.45336550836552,190,0.2614008028655813,51.09166666666667,73.28626126126126,3.355799656749172,7.277619139334012,3.9218194825848403,2,3
The Citadel,12,226.8487285096768,320,0.21865420581060344,49.60142857142857,71.79373626373626,-6.800728533997443,0.016671287402471924,6.817399821399915,0,9
Richmond,12,247.58478440680403,230,0.2565275077161094,63.5123076923077,86.981872909699,-5.758278394973328,0.8960205480604836,6.654298943033811,3,2
Charlotte,12,218.90864405161787,200,0.23483185740590015,51.40672348484848,73.81609848484848,-2.564789987444213,1.0950583811404722,3.6598483685846848,6,4
UTSA,9,164.09753487253485,135,0.29218250358648995,47.94642857142857,71.22050264550265,-5.738867061092868,-2.4188406838873,3.3200263772055676,4,1
Detroit Mercy,12,222.6862258988476,210,0.23888620165860897,53.19666666666666,73.80011494252872,-4.92142612776137,-0.2883095844182565,4.633116543343113,2,2
George Washington,9,174.61946688158022,165,0.26772572375572184,46.750123152709364,67.86188785859171,1.3464150883899317,3.7066186862364807,2.360203597846549,3,2
South Dakota St.,10,178.37936437764023,190,0.2755266901726312,49.148275862068964,69.91379310344827,-1.7240869313169376,0.8039526247581079,2.5280395560750453,2,2
Presbyterian,10,172.12623956442832,220,0.28446176165375375,48.96333333333333,69.9,-4.387412567390684,-1.0143844041253605,3.3730281632653236,2,5
West Virginia,8,159.91852687626775,210,0.30328066417132876,48.500197044334975,70.33549116198203,2.568065969342078,4.801783633126505,2.2337176637844274,0,6
Texas Southern,11,208.84351915556266,205,0.23680129579495598,49.45441595441595,73.8587637805029,-5.384041388551823,0.3372550479065046,5.721296436458327,3,2
Florida A&M,10,197.5845705430113,180,0.24719615230905645,48.84214559386973,71.94214559386972,-6.320720383806241,-3.30154040489246,3.0191799789137805,3,1
Northern Iowa,11,200.95975414118186,235,0.2459799162440037,49.43206349206349,73.11735760971055,-0.7788952496291301,-6.02419682672778,-5.24530157709865,3,5
Nicholls St.,9,176.33894283992797,205,0.26220991832615215,46.237819799777526,67.85850945494994,-3.6928595099152286,-0.23431056878032494,3.4585489411349037,1,4
Indiana,10,180.40024314765697,180,0.2823773814659833,50.94094827586207,72.20344827586207,2.2687813770449226,4.909817407535897,2.6410360304909744,3,3
Vermont,11,190.9825890834025,215,0.29836204398861277,56.98195564516129,78.20788157108723,-3.1012995748761285,0.19773009160255772,3.2990296664786865,3,3
Austin Peay,7,137.35972370957379,185,0.38745483914702283,53.22068965517241,74.71379310344827,0.29236378285061776,5.775608957635438,5.48324517478482,1,5
Albany,11,202.92090729294904,225,0.23597326014735814,47.88390804597701,68.96486042692939,-6.430836719508165,-9.823529674176271,-3.3926929546681057,1,3
Robert Morris,11,202.3884522011174,185,0.2281421337589458,46.17333333333333,68.14933333333333,-1.3337949818091415,0.38018209217406895,1.7139770739832105,4,2
Utah Tech,9,188.2057339878448,145,0.31721453399902444,59.70159420289855,83.28223936418887,-2.28372091720688,0.049093576513646695,2.3328144937205266,5,0
East Carolina,11,198.20410522226314,195,0.2602872424975645,51.59,70.77333333333334,-4.4291349977248045,-0.9723914575578285,3.456743540166976,3,4
Sam Houston St.,10,189.4184558273268,230,0.24746200555278516,46.87387096774194,67.97387096774193,-0.6139765076152113,2.519130523023455,3.133107030638666,0,4
Fresno St.,13,246.75907758347057,215,0.20162176195188003,49.752,72.93587096774193,-3.3684814279192477,0.7449269767839698,4.113408404703217,5,1
Southern Illinois,12,252.54521340018275,190,0.3140070807678095,79.30098522167486,100.31066264102971,-8.48797018392524,3.9527173704062113,12.44068755433145,5,3
Buffalo,9,169.1384126984127,225,0.3167200339348256,53.569523809523815,76.36619047619048,-1.4468843428355325,2.055043743434056,3.5019280862695883,0,5
California,10,181.01212376333342,170,0.28840493525217076,52.2047898338221,73.15327468230694,0.9008456039292566,3.898251478629952,2.997405874700695,3,2
Providence,9,181.2464869593551,165,0.29864628638274143,54.12859025032938,77.4834289600068,0.8826145670589833,3.781677102540435,2.899062535481452,2,1
Little Rock,8,150.60692897779106,150,0.32907590273233406,49.56111111111112,72.22662835249042,-5.106353969106904,-1.5501380476446927,3.5562159214622118,3,2
Georgia Tech,11,212.16377883929613,155,0.22136113464677873,46.964814814814815,69.16481481481482,-2.7306208637693703,0.8031379209094117,3.533758784678782,7,0
Valparaiso,11,209.88336482334873,225,0.235422613717711,49.41129032258064,71.95929032258064,-2.202528914475002,3.0177471144214785,5.22027602889648,3,4
St. Bonaventure,9,162.7613906926407,175,0.2867927564402316,46.67878787878789,66.84545454545454,-0.7496089414485502,1.8437383884886178,2.593347329937168,1,2
Stonehill,9,173.84389066987242,185,0.27610484095812177,47.99913978494624,69.59913978494623,-5.496185395948267,-0.3466229735242305,5.149562422424037,2,5
LIU,11,195.97019682221728,195,0.2830571695607976,55.47076923076923,77.96194570135746,-5.29514525862529,0.003959386247579556,5.29910464487287,4,3
Binghamton,8,159.48939389070972,140,0.3251223806399574,51.85357142857143,75.63434065934067,-6.269394890851262,-4.240045885142734,2.0293490057085286,3,1
Bellarmine,12,217.73143918150816,190,0.24371876792217018,53.0652380952381,74.18857142857144,-5.022419408340938,-0.37684256148857737,4.645576846852361,6,3
Massachusetts,11,204.99097381864624,235,0.24462967352096446,50.146875,70.79859913793103,-2.8318937644724995,2.7014732883671897,5.533367052839689,2,4
Florida Gulf Coast,11,200.42007834757834,215,0.24280920198683423,48.66383928571429,70.4857142857143,-3.567265313689114,2.8237768383331074,6.391042152022221,3,4
Houston,9,165.56987020887883,155,0.29862464215782064,49.44324324324325,68.87837837837839,6.476228567906828,8.645837172496295,2.1696086045894667,2,2
Xavier,8,153.5879734848485,160,0.32625537259331555,50.108901515151516,72.57859848484848,0.34208661421940034,4.065334303942821,3.723247689723421,3,3
Stony Brook,10,183.32416621793212,190,0.2865102509787141,52.52425287356323,72.25091954022989,-3.9518929879865405,0.02883439659307485,3.980727384579615,2,3
Kansas St.,11,217.53910756027514,235,0.27455945749106103,59.727419354838716,82.19263674614305,-1.3214059261709137,2.20082456938511,3.5222304955560237,2,4
Charleston,9,170.95732880588568,195,0.29342604779635706,50.16333333333334,71.24720430107527,-0.17397491691406708,3.9327890806424817,4.106763997556548,3,5
Idaho St.,10,211.73725137431282,220,0.29620043832436005,62.71666666666667,85.27333333333334,-3.0211874188875347,1.9818613497808664,5.0030487686684015,2,2
Rider,12,214.48387968818145,240,0.24025986571478294,51.53186813186814,72.14056378404206,-7.152624319838857,-2.173134042509002,4.979490277329855,3,6
Wichita St.,11,203.23685001273236,285,0.22101629433525866,44.91865546218487,65.19008403361345,0.7176414188013669,5.992106369766951,5.274464950965584,1,7
Louisiana Tech,10,176.9862083698652,170,0.2819610989245219,49.903225806451616,72.93399503722085,-1.6882037909781706,1.3110943070071355,2.999298097985306,3,2
Wagner,10,192.00822847717586,250,0.24907786702320928,47.824999999999996,68.375,-3.9927239039693525,0.12823643552914513,4.120960339498498,0,5
Incarnate Word,11,196.15593851066996,175,0.2742169629055601,53.78928571428571,75.60595238095237,-6.905754383056477,1.0288637134105227,7.934618096467,4,2
Utah,9,157.6739947163515,125,0.3590081554147983,56.60625,76.40625,0.6930220570690997,3.2300471204969945,2.537025063427895,5,1
Auburn,8,155.9038320663618,200,0.33490806223526676,52.21345029239767,72.05861158272025,3.49067208864021,7.302595115406151,3.8119230267659407,0,6
Lindenwood,7,134.97694581280788,175,0.36922561488332983,49.83694581280788,70.90361247947456,-1.7633510056414354,0.06266493960967251,1.826015945251108,0,3
UT Rio Grande Valley,12,215.09769108533294,220,0.2489341518272286,53.54516129032259,73.91612903225807,-1.568148497777594,3.734102728781689,5.3022512265592825,4,5
Idaho,10,177.5490754317367,200,0.2806458381703424,49.82840909090909,73.09840909090909,-1.8333741636893484,2.982877880894435,4.816252044583783,3,4
Boston University,9,159.914414983165,175,0.3185096247163986,50.934280303030306,71.91912878787879,-2.3771987657320195,0.07534909307649117,2.4525478588085106,0,1
Morehead St.,9,176.7996091954023,205,0.276932790848474,48.96160919540229,70.91494252873562,-3.262962946571197,-0.3060658080620142,2.9568971385091825,0,3
Northern Colorado,9,170.57664949992534,185,0.31600045497785617,53.90229885057471,73.13087027914614,-0.5838474316820279,4.159862997047351,4.743710428729379,2,5
Lipscomb,9,184.89430592396107,185,0.25592098738180336,47.31833333333333,69.16166666666666,-2.6720218862000666,0.5871988211078316,3.2592207073078985,3,2
Milwaukee,11,208.87102490096208,255,0.27432373445316754,57.29827956989247,80.1416129032258,-4.244656533357586,-0.9030827157840333,3.3415738175735523,1,7
Youngstown St.,11,201.9657589087662,185,0.2603876003263552,52.589379310344825,74.31006896551723,-2.4406742863117934,0.9750163199759275,3.415690606287721,5,3
Belmont,13,236.24721848044433,245,0.22955573873304194,54.23190476190476,76.9415821812596,-0.10914167875375402,2.399101888624307,2.508243567378061,2,3
Seattle,10,183.76182029177718,220,0.26889993573315607,49.41354166666666,70.72291666666666,-0.4839954144562522,3.4706281932306986,3.9546236076869508,2,5
UAB,10,187.9278154010946,230,0.2486369904949193,46.725806451612904,67.17765830346475,-0.7679467624870198,3.4088799399540384,4.176826702441058,1,4
Grand Canyon,10,183.39779543588597,200,0.29974119846613756,54.971875,73.25463362068965,1.3965045993785212,4.329652626445506,2.933148027066985,2,5
Yale,9,167.93135208711436,185,0.2877282619272192,48.318596059113304,68.54618226600986,1.93065552261975,4.189444055814105,2.2587885331943554,1,3
Towson,10,179.87854655425218,220,0.3029254237931158,54.489784946236554,77.23353494623655,-1.4856880723688102,2.843142335573489,4.328830407942299,3,6
Old Dominion,10,184.06836265824458,210,0.28515789481695886,52.488546798029546,74.19167179802955,-3.153569649750854,0.7606457103123342,3.914215360063188,2,4
Northern Illinois,12,227.84935693935694,210,0.21650757225635175,49.331111111111106,71.6061111111111,-6.88745147170611,-3.6176520607804674,3.2697994109256427,5,5
Longwood,9,171.43262422634837,205,0.2853438288077725,48.91724137931034,71.64482758620689,-2.36813879792863,0.12728845348087026,2.4954272514095,1,4
Elon,11,205.35538720538722,195,0.26971129133939603,55.38666666666667,76.88666666666667,-3.909679037315935,-1.929464704234266,1.9802143330816688,3,1
Florida St.,11,202.47118231768232,245,0.2743567390552155,55.54933333333334,74.69175757575758,2.480012075948365,7.5354352928757224,5.055423216927357,2,6
Syracuse,10,181.89049660509608,210,0.2720573015345376,49.48463768115941,72.363948025987,0.13116750924083923,4.334951047306392,4.203783538065553,3,4
Cleveland St.,14,252.04797781891895,280,0.22195912187115244,55.94434782608696,77.09768115942029,-5.995036844797472,-2.345351068060864,3.6496857767366078,1,5
Western Carolina,9,177.9652880861157,175,0.26394835658888127,46.97364532019705,68.49864532019706,-2.2237432471432483,1.3051947837850961,3.5289380309283445,3,1
North Florida,9,173.1284226579521,155,0.29366340142732333,50.84148148148148,73.33148148148149,-5.7417706986579065,0.306525840984614,6.048296539642521,4,3
Ohio,10,184.39976529217907,180,0.27999075705573717,51.63022988505747,74.2335632183908,-2.767760586891382,-0.5396725861315235,2.2280880007598585,3,3
Denver,8,153.52317095420545,150,0.3383966329970332,51.95172413793105,73.79310344827589,-2.877509450042275,-1.061482073247347,1.816027376794928,2,2
Queens,10,190.24611517893874,190,0.2626164779180384,49.96176470588235,72.19411764705882,-1.4500010380371575,6.347169792572701,7.797170830609859,4,3
Merrimack,10,189.4644316467846,160,0.2970644916885596,56.28315508021391,77.13903743315508,-5.935310868626876,-0.06361414003925264,5.871696728587623,4,1
William & Mary,11,207.87526533811015,205,0.22995589580796172,47.802142857142854,68.47214285714286,-1.1048096111164651,2.745198410522991,3.8500080216394563,4,2
Alcorn St.,10,190.26375657944206,160,0.24267408655970063,46.17208333333333,66.78145833333333,-6.143794777642088,-2.110962014974498,4.03283276266759,5,1
Pacific,9,177.1186863020103,205,0.28531928165906034,50.53537634408603,72.48053763440862,-1.0878420013733958,6.114427129845703,7.202269131219099,0,4
Houston Christian,9,167.55157607173834,155,0.28486750837583336,47.730000000000004,69.10407407407408,-4.306898769844918,0.48223677101475626,4.789135540859674,4,2
North Carolina A&T,9,175.55663094223198,175,0.2640377135274621,46.353571428571435,67.90139751552795,-4.537728441472704,-0.4673780826465294,4.0703503588261745,4,4
Manhattan,8,147.3907764182425,160,0.30890014534470833,45.52903225806452,67.41290322580645,-3.8510121414370047,-1.0737531215871337,2.777259019849871,1,2
Western Michigan,12,222.93477486381684,250,0.23159147394114327,51.62979310344828,75.52979310344827,-3.294063306382123,-0.6993318783745439,2.594731428007579,2,4
Santa Clara,9,173.16545249698123,205,0.2658879229755504,46.042602495543676,68.75436720142602,3.6567577035576044,7.751365885398136,4.094608181840531,1,4
Eastern Washington,11,194.4811863711002,225,0.27072027368002405,52.650000000000006,76.184375,-2.716548545395839,0.8001706992391847,3.516719244635024,1,4
Eastern Illinois,10,188.6381216931217,180,0.254367107256258,47.983333333333334,68.92333333333333,-5.780760392301831,-1.4211864347615013,4.35957395754033,3,3
Alabama St.,11,202.027636542072,245,0.268847256721126,54.31457586618877,74.30124253285544,-4.063562460185128,-0.1500536853567142,3.913508774828414,2,7
Green Bay,12,227.1036139494251,230,0.27411997229379165,62.25363636363636,83.48141414141413,-3.8921131818684342,0.21300990545746973,4.105123087325904,4,3
UNC Greensboro,12,219.13619927563474,260,0.2315768693978733,50.746875,72.225,-5.418507873264231,-5.156774430076955,0.26173344318727576,1,5
Central Arkansas,10,183.09755600358423,200,0.27910326120901163,51.103125000000006,73.57979166666667,-0.8529750901133,3.585056707039141,4.438031797152441,3,5
Campbell,8,153.73007204433497,150,0.34907288656264895,53.663,77.69748275862068,-1.800770246220163,-0.0031368509682435097,1.7976333952519195,2,1
Marist,12,229.00532772899268,230,0.2135496168799772,48.904,71.904,-3.07522301381672,1.2892506897593021,4.364473703576023,4,3
Oregon,13,235.89120827891688,225,0.21307562512985342,50.26266666666667,72.98266666666666,-1.137312988483309,2.022071061422188,3.1593840499054973,5,2
Clemson,11,214.30179383116885,215,0.2549704508915448,54.640625,79.59205357142856,2.7927201016228356,5.893271706710445,3.1005516050876096,2,2
St. Thomas,11,197.91355809688213,225,0.2784532699491851,55.10967741935485,77.46967741935485,-1.8285630303544653,2.292577602388133,4.121140632742598,1,3
Loyola Marymount,9,172.69037365263173,195,0.2954455101019536,51.02059553349875,75.40392886683209,-1.8946597016124684,2.478201343688834,4.372861045301303,3,4
Northwestern St.,12,223.05652990234208,240,0.24080592196449008,53.71333333333333,75.3752380952381,-4.346902055734338,-0.9174298450616005,3.4294722106727376,3,4
Missouri St.,9,170.0578118683806,195,0.3566854247430255,60.65714285714286,81.98214285714286,-1.7570328982472803,1.3418332292079476,3.098866127455228,1,2
Sacramento St.,10,178.3696682946683,200,0.3018595768404085,53.842592592592595,75.17336182336183,-3.6577297637219632,0.5440767015569533,4.201806465278916,2,4
Central Michigan,10,179.9797476449745,190,0.273344931126264,49.19655172413793,68.84482758620689,-2.8448185161583157,2.2684620114161946,5.11328052757451,2,4
Bethune Cookman,9,163.24469104866213,185,0.31436597335024735,51.31857619577308,72.66373748609567,-2.2975237848486647,2.1236009688289412,4.421124753677606,2,3
Howard,11,219.56124752140062,235,0.28805141276156854,63.244927536231884,87.91589527816737,-4.003610185776479,0.017630222657426052,4.021240408433905,2,4
Delaware,6,121.06837267080743,150,0.4346737049016876,52.62523809523809,74.59323809523809,-2.4945228092514737,-0.2977195770519019,2.1968032321995716,1,4
Southern,12,216.14716657606198,250,0.2639810621834394,57.05875862068966,78.05075862068966,-3.2770813252347883,0.7182997115508749,3.9953810367856635,2,4
Utah St.,12,221.9152982556659,210,0.20458256080973386,45.4,67.85714285714286,2.8509270846237706,13.082355989501371,10.2314289048776,4,3
Rutgers,10,201.73337067428855,210,0.27706223111200085,55.89269776876267,76.8139098899748,-1.699344975247277,1.7660495327355306,3.4653945079828077,2,3
UNC Wilmington,9,171.69384101149276,205,0.28975995706607705,49.75,69.725,-0.10896108067650956,2.565033868284387,2.673994948960897,1,6
Kansas,12,204.0038139911137,220,0.26337100971323446,53.72869047619048,74.8629761904762,3.5974540054903157,10.434067902120805,6.83661389663049,3,2
Loyola Chicago,12,218.08414654915563,170,0.2152970381219988,46.95287081339713,69.9104465709729,-3.060312713026802,-1.730417725811003,1.3298949872157992,6,0
Drake,10,188.47084543010752,220,0.30014589190654395,56.56875,78.83971774193549,-2.635801315091541,1.8877808063273311,4.5235821214188725,1,3
Norfolk St.,11,195.72958994708995,215,0.2648150587305386,51.83214285714286,74.49642857142857,-5.020819342087231,-1.8334923756782793,3.1873269664089516,2,4
Temple,10,172.96904138501466,210,0.26679831889479183,46.14784946236559,66.16397849462365,-2.5878183212904293,1.1677040570753352,3.7555223783657645,0,3
Miami OH,11,202.603500935784,215,0.21746909503782458,44.059999999999995,64.99548387096773,0.7583658584501256,4.349688141682748,3.591322283232622,3,3
Kentucky,10,184.44924251152074,150,0.27409613999183335,50.55682539682541,71.45682539682541,2.822977369644054,5.663487461514252,2.8405100918701978,5,2
UMass Lowell,10,186.86196192696195,210,0.2668834783499866,49.87037037037037,72.44537037037037,-4.6382423235739765,-2.1030298243400973,2.535212499233879,2,5
Hofstra,9,169.89759512132287,185,0.30713688527819044,52.18181818181819,74.39561128526645,0.2518631063557323,2.792528637698308,2.5406655313425754,1,3
TCU,9,179.40773731714907,205,0.2841459915849269,50.97798941798942,74.65740118269531,2.044896627034217,7.416549254003423,5.3716526269692055,3,5
Gardner Webb,11,202.42942808266196,215,0.23724482051948598,48.02533333333333,71.18199999999999,-6.909113568979271,-4.099197485247105,2.8099160837321664,1,2
North Carolina Central,10,205.14056357585773,200,0.27549441407369923,56.515079365079366,80.14449112978525,-9.176219104567238,-0.5244518984182287,8.65176720614901,4,5
BYU,10,178.34213797640265,180,0.32907854584729046,58.68857142857142,81.16857142857143,3.9106405545754823,7.102553270503522,3.19191271592804,3,2
Cal Poly,12,223.92997853765996,220,0.23980524485381613,53.69958333333334,77.6157123655914,-2.2322790587956165,0.4387787405393765,2.671057799334993,3,3
North Carolina,10,189.72456433073785,180,0.26913449458326244,51.06142473118279,72.7489247311828,3.162874058584838,6.200096573632687,3.0372225150478496,3,2
Lamar,10,191.30462074727046,220,0.27085795997995593,51.81637931034483,76.56374773139746,-4.310229928257413,1.345218867966598,5.655448796224011,2,5
Akron,11,194.37333444741532,185,0.27446401020052186,53.348484848484844,73.46060606060605,1.0310821790491893,5.034726976634251,4.0036447975850615,3,2
Iowa,11,221.67541070482247,205,0.2414808457536012,53.53036565977743,78.73036565977743,2.827208084643233,4.740292530036737,1.9130844453935043,4,3
Fairleigh Dickinson,9,169.37030684513442,195,0.27692915519524736,46.903575989782894,67.87598978288634,-4.806756417503038,0.17137675262474977,4.978133170127788,2,4
Niagara,10,202.53162700517873,230,0.26513554513616916,53.69833333333334,76.80633333333334,-5.19143054007634,-0.8984758302417205,4.2929547098346195,2,4
Loyola MD,11,205.19010407239819,225,0.28549659930192095,58.58107692307693,82.36441025641027,-3.8556671936480216,-0.44500435774576597,3.4106628359022557,3,4
New Haven,12,218.43131007554538,220,0.22255770663902635,48.61357142857143,69.92428571428572,-5.97808587656191,-2.491317232460468,3.486768644101442,4,4
Weber St.,10,183.8907471264368,180,0.27106674721590995,49.846666666666664,69.42999999999999,-1.6678744503920762,0.9145497341511251,2.582424184543201,2,3
Portland,10,190.1511798187445,150,0.26820005924191703,50.99855769230769,72.5173076923077,-1.623913577903781,2.1886044038346113,3.8125179817383925,5,0
Pittsburgh,8,158.25023923444977,170,0.285807006245534,45.229027113237635,66.33811802232854,-0.41404505825784965,4.093851526124737,4.5078965843825864,3,3
Creighton,12,225.63637734814208,290,0.20382699303297508,45.99078431372549,67.49372549019608,0.7683725978554514,6.893139695280176,6.124767097424725,1,6
Southeastern Louisiana,11,208.53250000000006,195,0.225544379573128,47.03333333333333,69.19666666666667,-5.4578845273765815,-2.231994573870012,3.2258899535065693,5,3
Long Beach St.,10,196.269055678939,200,0.26438291811662673,51.890185676392576,74.3335190097259,-4.377985996633948,-0.45695660842227354,3.9210293882116742,3,4
Texas Tech,10,195.0598854968561,230,0.2860995499530575,55.80654545454546,81.0550303030303,2.555640958536452,8.398103500917294,5.842462542380842,1,3
Illinois,10,195.15437751289144,270,0.2532368010397598,49.420270270270265,72.80945945945946,3.0611909996532773,9.128311376868174,6.067120377214897,1,6
Stanford,11,195.45995940531637,225,0.29648744083556217,57.95142314990512,79.26051405899602,0.32393542636241485,4.724806068913773,4.400870642551358,2,3
Harvard,10,183.9400446818403,170,0.27834471598806226,51.19873949579832,74.70231092436974,-3.1395992917677384,2.6478730209374426,5.787472312705181,4,3
James Madison,11,202.79445457662032,175,0.25210547055927046,51.12559139784946,73.08496639784946,-3.451196997517078,-0.2994723957420011,3.151724601775077,5,3
Mississippi,13,239.514565070603,285,0.252975966424287,60.591428571428565,82.75142857142856,-1.163083665786984,0.7910839600244441,1.9541676258114282,3,5
Arkansas Pine Bluff,10,181.61361998793032,150,0.3034280505522049,55.106666666666655,74.43425287356321,-7.128178486099546,-1.9434564764876685,5.184722009611877,4,2
Wake Forest,10,186.54648351648348,230,0.26824413442013983,50.03999999999999,72.08615384615383,1.1301667965297129,3.96093373272577,2.8307669361960572,2,6
Northwestern,12,241.93159889318997,250,0.3125843268097159,75.62402597402598,101.7710847975554,-1.6617088898392465,1.5661456516982444,3.227854541537491,3,5
Cal St. Fullerton,10,183.88478886033323,170,0.27738156220600163,51.006249999999994,74.03125,-1.997106683432293,0.22849761689638123,2.225604300328674,3,2
Toledo,9,165.18063076036867,195,0.2837424084425103,46.868750000000006,67.528125,-0.6823767052303636,2.5839476026890793,3.266324307919443,1,4
Miami FL,8,150.46138372977083,140,0.362542002980252,54.54857142857142,75.96,4.346027902447636,7.760449620588023,3.414421718140387,4,1
Butler,9,172.20480485893415,195,0.2889059921455431,49.751000000000005,72.00261290322581,1.9422421797762537,3.9136468540477867,1.971404674271533,1,3
Tennessee Martin,12,228.4868788618789,230,0.23980954007628638,54.79333333333334,78.05333333333334,-2.865054743391977,2.428675544337377,5.293730287729354,3,2
North Dakota,11,206.5823123701217,225,0.25451709410875106,52.57872983870968,75.17872983870967,-4.528922984466013,-0.9274094745487127,3.6015135099173006,3,5
Boston College,10,188.8403009516747,210,0.2673674331661831,50.48974654377879,70.79942396313363,-2.3957807336976895,2.432785140811412,4.828565874509101,1,4
Baylor,8,150.51843434343434,140,0.33528562057400946,50.466666666666676,69.90909090909092,2.9577308217230076,5.16902831661964,2.211297494896632,3,3
Penn St.,11,195.0297166248348,225,0.25979099576491116,50.666964285714286,70.47029761904761,-1.3022053710606167,2.0089640874201837,3.3111694584808005,2,5
Furman,11,210.27083253037284,195,0.28425075479029815,59.769642857142856,78.1560064935065,-2.6720153099583084,-0.23510134122103388,2.4369139687372745,1,1
Marquette,11,197.83722454964388,175,0.2718459588301822,53.78125,73.21350806451613,0.8095139746017984,10.176139281815058,9.366625307213258,5,2
IU Indy,12,218.3543519571106,240,0.2172672801454121,47.441256157635465,70.32339901477833,-5.752938296664915,-3.5752972673427728,2.1776410293221424,2,5
Saint Mary's,10,181.2406044546851,210,0.2836871194217147,51.415625000000006,74.98125,3.1813309679099344,6.813857322090121,3.632526354180187,2,5
Ball St.,9,182.82885854150848,205,0.2840983623958486,51.94137931034482,76.06896551724137,-3.687838112870118,1.6964620005773563,5.384300113447474,1,2
Arizona St.,10,182.45812906329036,190,0.2929190100755423,53.445454545454545,74.81212121212121,1.1329908688181052,2.113992416383674,0.9810015475655687,3,4
San Jose St.,11,206.3364045836026,205,0.26148352995416635,53.95357142857143,75.47357142857143,-1.4677875940173746,2.060110476750388,3.5278980707677627,2,3
Oregon St.,12,240.7344022631367,250,0.18660172423695717,44.92145454545455,67.11110971786835,-4.013936844206303,-0.923253079310563,3.0906837648957404,3,3
Washington St.,10,187.58109598287018,250,0.27308618804685314,51.2258064516129,72.13136200716845,-0.527852861518703,2.5512437058151267,3.0790965673338295,0,7
Mississippi Valley St.,11,207.84695555687978,195,0.2600951068072933,54.059976105137395,72.63140467656596,-7.706539309033169,-3.8492751950052617,3.8572641140279074,2,3
Arkansas St.,11,214.2409856321839,215,0.23604018908613533,50.569482758620694,72.37614942528737,-1.5814033585690623,4.012897988233561,5.594301346802624,4,4
Purdue Fort Wayne,11,197.7839452332657,215,0.27687823145064194,54.76206896551724,79.54137931034482,-4.314167644440968,1.0787825185113924,5.39295016295236,2,3
UMKC,10,190.18991768859158,220,0.25241582218384917,48.00694444444444,68.38694444444445,-7.390306473349121,-3.564486131913594,3.8258203414355267,2,5
Tulane,8,159.44156190702088,140,0.3072246308560717,48.984375,70.99727822580645,-2.2906525671595093,2.4275116343048775,4.718164201464386,3,1
Georgia,11,206.33552052785925,265,0.24162170915356695,49.85514112903225,71.41877749266861,2.8755920992876,6.316216676487396,3.4406245771997956,0,5
UC San Diego,11,202.70441366497954,185,0.2397378161772814,48.59591346153847,69.00528846153847,-0.7471920095612075,2.255943212556357,3.0031352221175647,3,1
Duke,9,169.30463018341308,165,0.3176081648593033,53.77253289473684,75.559375,7.5730753601590965,9.692625735263812,2.1195503751047156,2,1
DePaul,11,192.68949365035223,195,0.2602470640718731,50.146875,72.1020474137931,-0.6406029694229635,3.387014463017528,4.027617432440492,4,3
UCLA,10,169.6588546220804,150,0.2931113746048706,49.72894009216589,71.33179723502303,2.647755704655118,5.586079660515022,2.938323955859904,5,1
Abilene Christian,10,204.06357814599195,160,0.27925410134794404,56.98559113300493,82.88559113300492,-5.352113421048082,-0.33982794712705416,5.012285473921028,5,0
Louisiana,9,171.09987010077737,175,0.322474054391194,55.175268817204305,77.01466275659824,-4.163056655333183,-0.7620325140589391,3.4010241412742444,2,2
Louisiana Monroe,11,201.01612968191228,175,0.26099518733776134,52.46424242424242,75.52757575757576,-7.435839020638332,-4.831458407228537,2.604380613409795,6,3
La Salle,12,220.31191245716684,190,0.22775735430656896,50.17765830346475,71.41932497013141,-2.4669310375845046,1.3036176044998302,3.770548642084335,3,1
Southern Indiana,11,199.8567301957302,225,0.2786281664429231,55.68571428571428,80.93371428571429,-5.301606105129862,-2.5692368493574236,2.732369255772438,1,3
Indiana St.,12,230.25523056119,180,0.20871559367284748,48.057857142857145,69.70785714285714,-4.017199942985512,-1.273930220200999,2.743269722784513,6,1
Bucknell,10,185.36445887445885,210,0.2865525947594992,53.11666666666666,77.90151515151514,-4.419556177046212,-1.775152615875544,2.6444035611706687,2,4
Drexel,11,205.69049671592774,185,0.24150362215617807,49.675,69.53571428571428,-3.3743349682809844,0.030798648972679768,3.4051336172536644,3,3
Northeastern,12,216.2740623350225,220,0.22857037804394864,49.43384418901661,70.98838964356206,-4.303092084040324,0.222204510996396,4.52529659503672,4,3
Monmouth,9,180.58539528347998,185,0.2821967190680561,50.96060606060607,75.69931573802543,0.4765458803458731,8.261625432875018,7.785079552529145,2,3
North Texas,10,182.8259660722634,200,0.2827649447404797,51.69677419354838,74.73590462833099,-1.8920683344702058,1.2068027306813607,3.0988710651515667,2,4
Minnesota,7,130.83968413978496,135,0.3692257079158629,48.309375,71.31846590909092,1.9750849774938268,5.601496330310039,3.626411352816212,3,2
Navy,10,180.99327205882355,250,0.26318312530710336,47.634375000000006,67.97437500000001,0.14277589116695621,6.069472672666555,5.926696781499598,1,6
UC Riverside,10,180.6161849749451,160,0.2934583815990018,53.00333333333333,74.49988505747126,-4.086788279812341,-0.7645639600539167,3.322224319758424,4,2
Oakland,8,150.40490698071343,150,0.3102997784838298,46.6706093189964,68.86320191158899,-1.2464986966116631,1.1518076205183057,2.398306317129969,3,2
Colgate,10,182.23492986116483,210,0.29941975800145837,54.564738598442716,77.97441601779755,-3.114398605008863,-6.399059631901345,-3.284661026892482,2,4
Tennessee,13,219.55109349441605,215,0.24297314331698397,53.3450193050193,75.4450193050193,3.336140176178576,9.751390851565263,6.415250675386687,5,3
Virginia Tech,10,186.6065530553035,190,0.256019659836921,47.774946236559146,69.59430107526883,0.6537379209764509,3.910113519761498,3.2563755987850467,3,2
Nebraska Omaha,11,217.7728619277591,245,0.26100289688502165,56.839347826086964,81.3837922705314,-2.5236813082361045,2.209056039063479,4.732737347299583,2,6
Penn,11,191.86643787247237,225,0.25704107193418585,49.31755485893417,71.78996865203763,-0.907593589710032,4.102884772418802,5.0104783621288345,2,5
Northern Kentucky,7,143.4933921288204,145,0.3595984402799286,51.6,74.51428571428572,-1.470765627941849,2.0706978603282886,3.5414634882701375,2,2
UT Arlington,11,198.85784072249592,235,0.24179752308802918,48.083333333333336,70.26666666666667,-1.9875070148467513,0.4033282398919016,2.390835254738653,2,5
Wyoming,12,220.57338463358627,230,0.22853505233071694,50.40875,73.00875,-0.8954661344434978,2.6378821596126887,3.5333482940561867,5,6
Radford,9,165.7484084880637,175,0.3433954020946707,56.917241379310354,77.53647214854112,-2.458728920126165,-0.054157890409972265,2.4045710297161924,1,2
American,10,181.70707717569783,200,0.29938294559324763,54.39999999999999,76.13999999999999,-3.1835107660735904,1.3894498163023488,4.57296058237594,2,2
Florida,12,234.94700025464738,250,0.23405779350656117,54.99117647058823,76.2721288515406,2.483555415691739,6.7321032867158666,4.248547871024128,4,4
Dayton,11,210.33141725016725,205,0.23363561056815926,49.14090909090909,71.6986013986014,-0.1136076728476485,4.397295196010105,4.5109028688577535,4,2
Kennesaw St.,11,205.69064768776778,225,0.2565628590234617,52.77258064516129,73.50070564516129,-1.220308908634127,1.8726602529823464,3.092969161616473,0,3
Saint Louis,11,214.44665218360075,245,0.23544094321228382,50.489522058823525,72.57187499999999,1.3630867084951244,3.1977467026387236,1.8346599941435993,1,4
Stephen F. Austin,11,200.28642628205128,175,0.3015525121754718,60.396875,79.48354166666667,-0.8166371869646338,2.8244552010272463,3.64109238799188,3,1
VMI,9,172.5300653099436,165,0.29848811770676714,51.498174442190674,74.38093306288033,-7.747346156141195,-2.538242580259446,5.209103575881749,3,3
Davidson,11,214.5855268817204,195,0.22440760267330054,48.154623655913966,69.57462365591397,0.027000383970444672,4.260267627911779,4.233267243941334,5,4
Brown,10,184.57362918660283,190,0.26874341468505647,49.60294736842104,71.61894736842103,-3.0456496357757237,0.9234307055716927,3.9690803413474165,3,3
SIU Edwardsville,11,216.20481060446573,255,0.23286324529688304,50.34615384615385,72.46684350132625,-4.043588903141962,-1.9245547073793883,2.1190341957625733,0,5
Columbia,10,182.65687179487185,190,0.271926428396357,49.66923076923078,69.72339743589745,-2.287054519591371,-1.3842928160759387,0.9027617035154325,2,3
Nevada,12,213.41615016706928,230,0.23216532398809533,49.547829647829644,72.75864045864046,0.2802724821487599,3.002447853609355,2.7221753714605947,3,5
Wofford,9,168.43131984007996,175,0.3165840338797725,53.32266666666668,73.83933333333334,-3.6232192359535524,-1.0050381249385876,2.618181111014965,2,3
Dartmouth,10,193.77775000000003,210,0.302440553675538,58.606249999999996,83.53025,-1.5543062748748053,1.5641206295964518,3.1184269044712574,2,3
Lafayette,11,204.75836103901455,165,0.2562721227988003,52.473859844271416,75.22719317760475,-7.257680198375391,-1.4740833303885246,5.783596867986867,5,2
New Orleans,10,181.8091287878788,200,0.26718986632876096,48.57755681818182,69.44005681818182,-2.036687475407642,1.5504373784098073,3.587124853817449,1,2
Army,12,220.27189192985207,290,0.2147539227956864,47.30425287356323,69.04758620689657,-7.50731263417309,-5.267488120474803,2.239824513698287,1,5
Cornell,14,259.5152917649946,270,0.21881028666332691,56.784615384615385,81.02552447552448,0.7203165378668064,8.409308703971627,7.68899216610482,4,3
Colorado St.,11,219.46054723054723,195,0.21099355892937752,46.304761904761904,68.02597402597402,-2.041320570571017,1.7556215876201546,3.7969421581911718,4,3
USC Upstate,9,167.72726929392448,225,0.316190349163966,53.03374384236453,76.16133004926108,-2.5548043024676854,0.5850255024443481,3.1398298049120337,1,6
Colorado,11,207.7525514159552,195,0.2232222886502584,46.375,69.02661290322581,0.4311927455305892,4.021704711007014,3.590511965476425,3,2
Le Moyne,10,182.06957949308756,150,0.25813421016089366,46.998387096774195,69.52695852534563,-3.8037928532873893,-0.9922844822600185,2.8115083710273705,5,2
West Georgia,9,165.04375478927201,145,0.3454555879991884,57.015287356321835,77.49306513409961,-3.9534732952722296,-0.5034784938387071,3.4499948014335224,4,2
Jacksonville,12,226.79729274113666,230,0.20476789663758488,46.44080459770115,67.44080459770115,-5.154345256314839,-0.31816965524414853,4.83617560107069,4,6
Southeast Missouri St.,10,184.27528735632185,230,0.2535337248432037,46.72,68.75,-2.8541568565354467,1.9571595869102518,4.8113164434456985,2,4
South Carolina St.,12,232.40609881422924,150,0.21781556906185337,50.62166666666667,72.96566666666666,-7.446702541280832,-4.994379401615555,2.4523231396652765,8,0
Florida Atlantic,12,230.61013002469454,250,0.21130855862522613,48.72989417989419,72.01625781625782,-1.5136103848696616,3.569653668495201,5.0832640533648625,3,5
New Hampshire,9,174.76840496540498,175,0.3458170356927803,60.43789173789173,83.86589173789173,-5.526437783581944,-2.050339798219207,3.476097985362737,3,2
Stetson,12,222.91702615410168,190,0.21857161013645982,48.72333333333333,70.36333333333333,-4.999213771688828,-1.2951297148081804,3.7040840568806472,3,0
Lehigh,8,159.87151232487838,170,0.3366529242047881,53.82121212121213,74.8038208168643,-4.0979654290711744,0.13113841801711273,4.229103847088287,2,3
Georgia St.,11,197.77313764439185,235,0.2759244556368951,54.57044534412955,76.89711201079622,-3.389127104142075,-0.43879929446952304,2.9503278096725523,2,5
Holy Cross,10,186.60853400363078,210,0.25442106981141127,47.477142857142866,69.90914285714287,-4.80230168497064,-2.365013215020728,2.437288469949912,2,4
Air Force,14,287.11486473065315,250,0.22604556447312935,64.90104166666667,90.94270833333334,-1.2322176279921062,8.69790661585563,9.930124243847736,6,3
Princeton,12,226.15487781052798,260,0.238949794836659,54.03966165413535,77.21466165413536,-4.9973965984073265,-1.1613719520267076,3.836024646380619,2,7
