team,num_players,total_current_usage,total_adjusted_usage,current_team_bpm,optimal_team_bpm,bpm_improvement
Evansville,10,192.33946597262388,99.99999999999997,-9.27778576628004,-1.7881988763919208,7.48958688988812
Eastern Michigan,12,224.36439617609489,99.99999999999999,-8.150110802872856,0.9759535163396106,9.126064319212466
Nebraska,10,187.24169910069293,100.0,5.640874112367877,9.025453992921582,3.384579880553705
UCF,11,204.12001457152905,100.0,1.1906177596765768,5.550820126196929,4.360202366520353
East Texas A&M,11,199.3781807040378,100.0,-9.784288880703714,0.4736742104982416,10.257963091201956
Kent St.,11,196.8628050779865,100.0,-5.279268813702505,1.6799651367003765,6.959233950402881
UC Santa Barbara,11,207.25554324028457,100.00000000000001,-1.5714435695434257,0.779654494354166,2.3510980638975916
Memphis,13,243.21601884841013,100.0,-4.401540890197237,2.9962609740502097,7.397801864247446
Gonzaga,11,212.26478626510885,100.00000000000001,9.591723078979498,6.3206874707946925,-3.271035608184806
Delaware St.,12,241.35094154183412,100.0,-22.821150708968872,-5.329453306499138,17.491697402469732
Rhode Island,10,181.98751147639075,99.99999999999999,-2.201896714238546,4.32889884584216,6.530795560080706
Siena,8,144.3911841606669,99.99999999999997,-1.8757920397482826,2.572541095036474,4.448333134784757
Southern Miss,11,218.07076091800354,100.00000000000001,-11.350263119890942,-1.5134833759229671,9.836779743967975
High Point,11,200.3039783454624,100.00000000000001,3.7501771166253532,4.176273549823606,0.4260964331982531
McNeese St.,9,169.00079205069125,100.0,3.9005180044862957,7.351037018890038,3.450519014403742
Georgia Southern,10,181.52055799592566,100.0,-5.452758143461828,0.9118700412392683,6.364628184701097
Texas A&M,10,197.33041109625668,99.99999999999997,4.534392130647062,6.664356825545097,2.1299646948980353
Texas,9,166.31376623376622,99.99999999999999,4.351024369301733,4.090519812169063,-0.26050455713266985
Hawaii,10,192.6174365385754,99.99999999999999,0.2826688315628769,3.405607103261597,3.12293827169872
Saint Peter's,12,213.0683942038354,99.99999999999999,-6.66753379796563,0.03730804738022861,6.704841845345859
Maine,11,210.06749407234426,100.0,-11.451821434141225,0.4460925454505974,11.897913979591822
Cincinnati,12,224.96315519916587,99.99999999999997,3.5413558600191433,5.935343373946417,2.393987513927274
USC,10,197.03499508814062,99.99999999999999,0.7959722131063531,4.505058095521136,3.709085882414783
Murray St.,11,209.47698863636367,100.0,-2.2551087156752967,2.9022581359705155,5.157366851645812
UC Irvine,10,185.41297653958944,100.0,-1.4091131732365416,3.629869140081859,5.0389823133184
Oklahoma St.,14,248.25880925574353,100.0,-0.6053344891117449,3.7335030290696083,4.338837518181354
Mount St. Mary's,12,216.99788424528137,100.0,-7.666128069756516,-1.2283373930316126,6.437790676724903
Iowa St.,10,189.9578666061019,100.0,9.494592171232753,9.396435748097968,-0.09815642313478534
Vanderbilt,10,187.81840659340656,100.00000000000001,6.587349163134,6.683852185672359,0.09650302253835896
Cal St. Bakersfield,10,192.42362300534717,100.0,-11.171532805035287,-1.4214242363874925,9.750108568647795
Jacksonville St.,11,196.00792298655864,100.0,-5.850026673894012,1.6739017144287414,7.523928388322753
Liberty,10,186.46188172043009,100.0,-7.957217644487416,-5.336317492465332,2.6209001520220845
Hampton,11,220.58424375624378,99.99999999999997,-12.155186990732709,-0.33224690722147543,11.822940083511233
Duquesne,13,234.42757588367684,99.99999999999997,-4.992967351432174,3.6408217725267025,8.633789123958877
Appalachian St.,9,157.96548365427674,100.0,-2.1996281233684742,1.4511476434219204,3.6507757667903946
George Mason,11,202.01935979635135,100.0,-0.7898790300434136,3.5357825495206754,4.325661579564089
Louisville,12,247.25958497408627,100.00000000000001,10.563906906145426,10.767720472893293,0.20381356674786666
Tennessee Tech,13,251.19233911016522,100.0,-14.6812164305524,-1.9811682078560569,12.700048222696344
South Carolina,12,211.69179322991823,99.99999999999999,-1.3906581703045353,3.2319458850343827,4.622604055338918
Georgetown,11,240.53622039724982,100.00000000000001,-27.487915511264355,-1.9323957216455645,25.55551978961879
Tarleton St.,13,247.76523451444237,100.00000000000003,-9.308132230254563,0.369467350865777,9.67759958112034
Prairie View A&M,8,152.91918997668998,99.99999999999999,-6.04581898241232,0.47039707521352486,6.5162160576258445
NJIT,13,241.65347431501343,100.0,-14.46257179339524,-1.7168242961837386,12.745747497211502
Saint Francis,12,204.26164450454513,100.0,-15.041941628755279,-6.9379411622645595,8.104000466490719
Rice,11,195.33555241609963,100.00000000000001,-7.332066532715143,0.9859120747899864,8.317978607505129
N.C. State,10,180.89820203081234,99.99999999999997,4.863185369058031,6.771587144871378,1.9084017758133474
Winthrop,11,202.7563799283154,100.0,-2.2291741133852594,2.5151071539089167,4.744281267294176
San Diego,13,248.55547943417713,99.99999999999997,-7.923593376837506,0.5691528084754297,8.492746185312937
Oklahoma,10,183.9882876524181,100.0,3.54791873777622,4.953340138204986,1.4054214004287662
Villanova,10,182.1476005747127,100.0,3.5380468128663436,4.407436106857654,0.8693892939913104
Mississippi St.,11,220.7029583030156,99.99999999999999,-0.39490886711704637,5.460982069054219,5.855890936171265
Canisius,11,202.79442471072156,100.00000000000001,-17.276484941752557,-4.157007746736124,13.119477195016433
Western Illinois,13,250.29688908171968,99.99999999999996,-23.829425799253677,-4.87016391800474,18.95926188124894
Utah Valley,11,203.3195244415289,100.00000000000001,0.015023058536669742,5.040124116539167,5.025101058002497
New Mexico St.,11,204.74138752052545,100.0,-2.54621390225216,4.168256858649448,6.714470760901608
San Francisco,11,232.83584159499924,100.0,-12.57635477570036,3.148549492119265,15.724904267819625
Alabama,12,217.2089433129507,99.99999999999997,8.248791117886242,6.961348544050867,-1.2874425738353752
Western Kentucky,12,215.10130771094637,100.00000000000001,-4.834142811422346,2.8900777141984566,7.724220525620803
Cal St. Northridge,9,169.32466397849464,99.99999999999999,-5.690270319555532,2.3757384637062953,8.066008783261827
Connecticut,11,195.96173816422655,100.00000000000003,9.671014579101763,8.212874432010874,-1.458140147090889
Cal Baptist,13,228.904049824306,100.00000000000001,-0.5922982546688897,2.979175815716913,3.5714740703858023
Portland St.,11,181.51790849282858,100.0,-3.329310550183151,2.5103579883855844,5.839668538568736
Virginia,12,224.2988971786173,100.00000000000001,5.320687678493558,3.525106191753161,-1.7955814867403967
Michigan St.,11,194.33442084165046,100.0,7.072905592496405,7.1344549260905055,0.0615493335941002
Tulsa,10,184.50816993464053,100.0,4.269413615335089,5.881442842088023,1.6120292267529344
Arkansas,9,171.2770378649326,100.0,6.668735610517464,7.909049035648359,1.2403134251308954
Missouri,13,240.06876807780037,100.0,-1.0808115367746394,3.2346276465541313,4.31543918332877
Pepperdine,11,193.38324712643677,99.99999999999999,-7.6611282567742,-0.3030683360942631,7.358059920679937
Mercer,9,160.85221847870486,100.00000000000001,-2.5360428272760878,1.007761106463934,3.543803933740022
Illinois St.,10,191.45306070155337,99.99999999999997,1.7612524487688501,4.4346257101078255,2.673373261338975
Samford,10,185.3928148065217,99.99999999999997,-5.682861699767159,1.5507412679127839,7.233602967679943
Arizona,12,216.29166306792624,100.0,10.590833802592014,7.062033686907349,-3.528800115684665
Southern Utah,10,198.86995369028836,100.00000000000001,-8.99667569480867,-2.9547572794337076,6.041918415374964
Coppin St.,14,281.4824965306551,100.00000000000003,-24.884185934955333,-7.3166772223060015,17.56750871264933
Illinois Chicago,11,211.77694429664535,100.00000000000001,-2.9409099029692904,2.2766388795751507,5.217548782544441
Saint Joseph's,10,185.06384898190046,99.99999999999999,-2.110457847489955,7.96395001371118,10.074407861201134
East Tennessee St.,10,191.1922492494065,100.00000000000001,-1.6620952253466386,4.856419303502164,6.518514528848803
Eastern Kentucky,11,216.57947784277798,100.00000000000001,-9.06676937526266,-2.2694881325681333,6.7972812426945275
Middle Tennessee,9,164.221921182266,100.0,-1.5008952510598021,2.4867909217697513,3.9876861728295534
Bryant,10,189.60396681358569,100.0,-14.224547340027927,-5.04958594075181,9.174961399276118
Texas A&M Corpus Chris,12,233.7175301794657,100.0,-6.42277424542057,0.4368389817541686,6.859613227174738
UTEP,9,165.74932763532766,100.00000000000001,-6.452235875291642,1.8006845347223657,8.252920410014008
Marshall,12,206.69908568757094,100.0,-6.444495647054819,3.802973417633116,10.247469064687936
SMU,10,174.6468531060443,99.99999999999999,2.7155534552897036,5.6682040361464185,2.952650580856715
Quinnipiac,10,183.44929602556635,100.00000000000003,-5.329141111096753,-0.11936785911722897,5.209773251979524
Tennessee St.,11,193.48075351213282,100.00000000000001,-4.447827518204503,2.172342839238565,6.620170357443067
Michigan,11,206.62353937728938,100.00000000000001,15.823752491834354,10.542933425037793,-5.28081906679656
Bradley,10,202.74996002037176,99.99999999999997,-5.761035730994664,0.5060592812083131,6.267095012202977
Ohio St.,9,166.1168857403665,100.00000000000001,6.095102510604039,6.95036402026466,0.8552615096606209
Maryland Eastern Shore,14,257.84619724478415,100.0,-19.438627509447727,-4.215646592402457,15.22298091704527
San Diego St.,11,208.6681126124987,100.0,5.558258930907507,6.684884563426271,1.1266256325187642
Notre Dame,11,214.97090454488935,100.00000000000003,1.6893564375295829,4.678717913114286,2.9893614755847033
Iona,11,197.5543231722611,100.0,-5.875966844131807,1.187674263653505,7.063641107785312
Central Connecticut,11,203.61367775742775,100.0,-11.235350999467252,0.046508824894908186,11.281859824362162
UNLV,10,183.60667868250965,100.0,-0.8959090409073356,1.9172531468059018,2.813162187713237
Fairfield,10,192.46881621667808,99.99999999999997,-8.725540801417967,-2.2859782455782773,6.439562555839689
Bowling Green,10,188.44176969214232,100.00000000000001,-3.980209130348323,0.811178913698724,4.791388044047047
Grambling St.,12,220.9714433320519,99.99999999999997,-13.916445371984933,-3.6328299869717187,10.283615385013213
Seton Hall,11,216.50293316226782,99.99999999999999,-10.529995815896294,5.242864397196343,15.772860213092638
South Dakota,10,199.18540839428772,99.99999999999997,-6.684238641077418,-2.0730053379434645,4.611233303133954
UC Davis,11,211.115165315393,100.00000000000001,-5.443177670985385,0.9910390856758834,6.434216756661268
Chicago St.,12,232.02244438731867,100.0,-20.151758280932103,-1.062870095438138,19.088888185493964
North Alabama,11,203.1268374218374,99.99999999999999,-11.268575818419608,-2.8477033304501598,8.420872487969447
Wisconsin,12,238.13663856761343,99.99999999999999,0.5402955126279432,2.2153292684158945,1.6750337557879513
UNC Asheville,7,133.12099616858237,100.00000000000001,-2.847785020848469,1.292545211056633,4.140330231905102
VCU,11,210.66386584741426,100.0,5.056921293230263,7.535076624459638,2.4781553312293747
LSU,10,206.99914620608595,99.99999999999999,-2.371518076610148,4.642524410406984,7.014042487017132
North Dakota St.,10,189.7045617816092,99.99999999999999,-1.4077524193198667,2.23675599927776,3.644508418597627
Washington,12,232.2963876863877,99.99999999999999,-3.301574153997591,3.3953404991300657,6.696914653127656
Montana,11,190.47546037296036,100.00000000000001,-4.9732633959360335,0.3887829841122322,5.362046380048266
Morgan St.,12,220.07418449220526,100.0,-20.989743967332576,-3.024207609391154,17.96553635794142
Wright St.,11,202.21326480990277,100.0,-1.2237952593206152,3.666792935746877,4.890588195067492
Boise St.,9,183.10733990147784,100.0,0.5920125573540805,6.892590336584554,6.300577779230474
Texas St.,10,193.57165072925721,100.0,-6.184704192313353,0.8124515321054532,6.997155724418806
Oral Roberts,10,193.40515599343186,99.99999999999999,-6.625386618748088,1.3944988060008716,8.01988542474896
Alabama A&M,12,208.46482033516386,99.99999999999997,-10.558983627040575,-2.9574659559558047,7.601517671084771
New Mexico,11,220.41624740218668,100.0,5.026213795562132,8.31343809809308,3.287224302530948
Purdue,10,176.52423040449352,100.0,9.888326391027162,10.647170716762036,0.7588443257348736
UMBC,11,205.4970557629635,100.0,-2.347320410261265,3.180412850022114,5.527733260283378
FIU,9,171.99497017364334,100.0,-2.2784350870900436,2.5728705987212663,4.85130568581131
Charleston Southern,12,219.36931107169448,100.0,-3.3075483077404235,1.2542903384665125,4.561838646206936
Maryland,9,190.2084393939394,100.0,0.21863372287214,4.983365060550996,4.764731337678857
Sacred Heart,10,191.3416203522316,100.0,-11.293526374968177,-1.6550466760452218,9.638479698922955
South Alabama,8,152.93200716845877,99.99999999999999,-6.533974667051268,2.0800599125315298,8.614034579582798
Fordham,10,179.98943352590814,100.0,-0.8359062620603825,1.3127953849859455,2.148701647046328
Troy,12,230.142831117333,99.99999999999999,-7.370104597777429,0.5333815743501087,7.903486172127538
Mercyhurst,9,167.39551747311828,100.0,-5.0181022271853974,-0.45370944638008814,4.564392780805309
Coastal Carolina,10,179.2486629266012,100.0,-5.224115343227631,-0.06946644914985839,5.154648894077773
Northern Arizona,12,233.63411664131306,100.00000000000001,-13.13624878545006,1.652301349586377,14.788550135036438
Jackson St.,10,178.3611347678247,99.99999999999999,-7.448819390491964,-0.2852287328005342,7.16359065769143
Montana St.,9,175.46386388263304,100.00000000000001,-3.1388514982318396,1.1412682275665884,4.2801197257984285
Chattanooga,9,182.8755972995853,99.99999999999999,-6.598116354098707,-0.33960120099325625,6.258515153105451
South Florida,11,203.26318793706292,100.0,0.7362060120982512,5.969082504473414,5.232876492375163
St. John's,10,195.45336550836552,99.99999999999999,6.559023368834434,7.277619139334012,0.7185957704995785
The Citadel,12,226.8487285096768,100.0,-15.427366208767982,0.016671287402471924,15.444037496170454
Richmond,12,247.58478440680403,100.0,-14.25662114973829,0.8960205480604836,15.152641697798774
Charlotte,12,218.90864405161787,100.0,-5.614546984285788,1.0950583811404722,6.70960536542626
UTSA,9,164.09753487253485,100.00000000000001,-9.417339376865286,-2.4188406838873,6.998498692977986
Detroit Mercy,12,222.6862258988476,99.99999999999997,-10.959338104311591,-0.28830958441825666,10.671028519893335
George Washington,9,174.61946688158022,100.00000000000001,2.3511028493596564,3.7066186862364807,1.3555158368768243
South Dakota St.,10,178.37936437764023,99.99999999999999,-3.0754153094011154,0.8039526247581079,3.879367934159223
Presbyterian,10,172.12623956442832,100.0,-7.551888266426722,-1.0143844041253605,6.537503862301362
West Virginia,8,159.91852687626775,99.99999999999997,4.106813267382597,4.801783633126505,0.6949703657439086
Texas Southern,11,208.84351915556266,100.0,-11.244221508643648,0.3372550479065046,11.581476556550152
Florida A&M,10,197.5845705430113,100.0,-12.488768225568135,-3.30154040489246,9.187227820675675
Northern Iowa,11,200.95975414118186,100.0,-1.5652659786720449,-6.02419682672778,-4.4589308480557355
Nicholls St.,9,176.33894283992797,100.00000000000001,-6.511949420348258,-0.23431056878032494,6.277638851567933
Indiana,10,180.40024314765697,100.0,4.0928871206778,4.909817407535897,0.8169302868580965
Vermont,11,190.9825890834025,100.0,-5.922942223330986,0.19773009160255772,6.120672314933543
Austin Peay,7,137.35972370957379,100.0,0.40159008435046695,5.775608957635438,5.374018873284971
Albany,11,202.92090729294904,100.0,-13.04951221775409,-9.823529674176271,3.2259825435778193
Robert Morris,11,202.3884522011174,100.00000000000003,-2.699447019219696,0.38018209217406895,3.079629111393765
Utah Tech,9,188.2057339878448,99.99999999999997,-4.298093714463151,0.049093576513646695,4.347187290976797
East Carolina,11,198.20410522226314,100.00000000000001,-8.778727391326555,-0.9723914575578283,7.806335933768727
Sam Houston St.,10,189.4184558273268,100.0,-1.1629848198672819,2.519130523023455,3.6821153428907367
Fresno St.,13,246.75907758347057,100.0,-8.312033700104054,0.7449269767839698,9.056960676888025
Southern Illinois,12,252.54521340018275,100.0,-21.435962414337883,3.9527173704062113,25.388679784744095
Buffalo,9,169.1384126984127,100.0,-2.447237211053879,2.055043743434056,4.502280954487935
California,10,181.01212376333342,100.0,1.630639759500974,3.898251478629952,2.2676117191289777
Providence,9,181.2464869593551,100.00000000000001,1.5997078961859281,3.781677102540435,2.181969206354507
Little Rock,8,150.60692897779106,99.99999999999999,-7.690522895607451,-1.5501380476446924,6.140384847962759
Georgia Tech,11,212.16377883929613,99.99999999999999,-5.793388410347324,0.8031379209094117,6.596526331256736
Valparaiso,11,209.88336482334873,100.00000000000001,-4.622741796907311,3.0177471144214785,7.64048891132879
St. Bonaventure,9,162.7613906926407,100.0,-1.220073937858043,1.8437383884886178,3.063812326346661
Stonehill,9,173.84389066987242,100.00000000000001,-9.5547825307458,-0.34662297352423044,9.20815955722157
LIU,11,195.97019682221728,100.0,-10.376906585350286,0.003959386247579723,10.380865971597865
Binghamton,8,159.48939389070972,100.0,-9.999019912033802,-4.240045885142734,5.758974026891068
Bellarmine,12,217.73143918150816,100.0,-10.935386059512114,-0.37684256148857737,10.558543498023536
Massachusetts,11,204.99097381864624,99.99999999999999,-5.805126605301696,2.7014732883671897,8.506599893668886
Florida Gulf Coast,11,200.42007834757834,100.0,-7.1495159365617065,2.8237768383331074,9.973292774894814
Houston,9,165.56987020887883,100.0,10.722683234313665,8.645837172496295,-2.0768460618173705
Xavier,8,153.5879734848485,100.0,0.5254038983425088,4.065334303942821,3.5399304056003125
Stony Brook,10,183.32416621793212,100.0,-7.244774870051248,0.02883439659307485,7.273609266644323
Kansas St.,11,217.53910756027514,99.99999999999999,-2.8745746590407935,2.20082456938511,5.075399228425903
Charleston,9,170.95732880588568,100.0,-0.2974228707485479,3.9327890806424812,4.230211951391029
Idaho St.,10,211.73725137431282,100.0,-6.396979199619013,1.9818613497808664,8.378840549399879
Rider,12,214.48387968818145,100.00000000000001,-15.34122614071078,-2.1731340425090027,13.168092098201779
Wichita St.,11,203.23685001273236,99.99999999999997,1.4585118139585787,5.992106369766951,4.533594555808373
Louisiana Tech,10,176.9862083698652,100.0,-2.9878878792085883,1.3110943070071355,4.298982186215724
Wagner,10,192.00822847717586,100.0,-7.66635843599629,0.12823643552914513,7.794594871525436
Incarnate Word,11,196.15593851066996,100.0,-13.546047321326158,1.0288637134105227,14.574911034736681
Utah,9,157.6739947163515,100.0,1.0927155616462831,3.2300471204969945,2.137331558850711
Auburn,8,155.9038320663618,100.0,5.4420915510609955,7.302595115406151,1.860503564345155
Lindenwood,7,134.97694581280788,99.99999999999997,-2.380117331374244,0.06266493960967251,2.4427822709839164
UT Rio Grande Valley,12,215.09769108533294,99.99999999999999,-3.3730512115089386,3.734102728781689,7.107153940290628
Idaho,10,177.5490754317367,100.0,-3.2551388768347724,2.982877880894435,6.238016757729207
Boston University,9,159.914414983165,100.0,-3.801483499207377,0.07534909307649117,3.876832592283868
Morehead St.,9,176.7996091954023,100.0,-5.7689057377286606,-0.3060658080620142,5.4628399296666466
Northern Colorado,9,170.57664949992534,100.00000000000001,-0.995907387154569,4.159862997047351,5.15577038420192
Lipscomb,9,184.89430592396107,100.00000000000001,-4.940416320625945,0.5871988211078316,5.527615141733777
Milwaukee,11,208.87102490096208,100.0,-8.865857604749637,-0.903082715784033,7.962774888965604
Youngstown St.,11,201.9657589087662,100.00000000000003,-4.929326344840726,0.9750163199759275,5.904342664816654
Belmont,13,236.24721848044433,99.99999999999999,-0.25784418025860645,2.399101888624307,2.656946068882913
Seattle,10,183.76182029177718,99.99999999999999,-0.88939878373354,3.4706281932306986,4.360026976964239
UAB,10,187.9278154010946,100.0,-1.4431855741852888,3.4088799399540384,4.852065514139327
Grand Canyon,10,183.39779543588597,100.0,2.561158648420958,4.329652626445506,1.7684939780245483
Yale,9,167.93135208711436,100.00000000000001,3.2421759232798903,4.189444055814105,0.9472681325342149
Towson,10,179.87854655425218,99.99999999999997,-2.6724341109069023,2.843142335573489,5.515576446480392
Old Dominion,10,184.06836265824458,99.99999999999997,-5.804724019583735,0.7606457103123341,6.565369729896069
Northern Illinois,12,227.84935693935694,99.99999999999997,-15.693013887792647,-3.617652060780467,12.07536182701218
Longwood,9,171.43262422634837,100.00000000000001,-4.059762486611351,0.12728845348087026,4.187050940092222
Elon,11,205.35538720538722,100.0,-8.028736525567993,-1.929464704234266,6.099271821333727
Florida St.,11,202.47118231768232,100.00000000000001,5.021309771793952,7.535435292875723,2.5141255210817715
Syracuse,10,181.89049660509608,99.99999999999997,0.23858123394269778,4.334951047306391,4.096369813363693
Cleveland St.,14,252.04797781891895,100.00000000000003,-15.110369136811151,-2.345351068060864,12.765018068750287
Western Carolina,9,177.9652880861157,99.99999999999999,-3.957491076074025,1.3051947837850961,5.262685859859121
North Florida,9,173.1284226579521,99.99999999999999,-9.94063704322291,0.3065258409846138,10.247162884207524
Ohio,10,184.39976529217907,100.0,-5.1037440260771465,-0.5396725861315237,4.564071439945623
Denver,8,153.52317095420545,100.0,-4.417643752211819,-1.061482073247347,3.3561616789644724
Queens,10,190.24611517893874,100.0,-2.7585706449199776,6.347169792572701,9.105740437492678
Merrimack,10,189.4644316467846,100.0,-11.245303003713744,-0.06361414003925264,11.181688863674491
William & Mary,11,207.87526533811015,99.99999999999997,-2.296625910589295,2.745198410522991,5.041824321112286
Alcorn St.,10,190.26375657944206,100.0,-11.689414740473415,-2.110962014974498,9.578452725498916
Pacific,9,177.1186863020103,100.0,-1.926771461874055,6.114427129845703,8.041198591719759
Houston Christian,9,167.55157607173834,99.99999999999997,-7.216276768689471,0.48223677101475604,7.698513539704227
North Carolina A&T,9,175.55663094223198,100.0,-7.96628317315693,-0.4673780826465294,7.498905090510401
Manhattan,8,147.3907764182425,100.0,-5.676036695224789,-1.0737531215871337,4.602283573637655
Western Michigan,12,222.93477486381684,100.0,-7.343612615954588,-0.6993318783745439,6.644280737580044
Santa Clara,9,173.16545249698123,100.0,6.332241024083746,7.751365885398136,1.4191248613143896
Eastern Washington,11,194.4811863711002,100.00000000000003,-5.283175839432692,0.8001706992391847,6.083346538671877
Eastern Illinois,10,188.6381216931217,99.99999999999999,-10.904717823618105,-1.4211864347615013,9.483531388856603
Alabama St.,11,202.027636542072,100.0,-8.20951919772289,-0.1500536853567142,8.059465512366177
Green Bay,12,227.1036139494251,100.00000000000001,-8.839129695025173,0.21300990545746973,9.052139600482644
UNC Greensboro,12,219.13619927563474,100.0,-11.873912210922262,-5.156774430076954,6.717137780845308
Central Arkansas,10,183.09755600358423,100.0,-1.5617765433168225,3.585056707039141,5.1468332503559635
Campbell,8,153.73007204433497,99.99999999999999,-2.768325396867205,-0.0031368509682434265,2.7651885458989613
Marist,12,229.00532772899268,100.0,-7.042424541188386,1.2892506897593021,8.331675230947688
Oregon,13,235.89120827891688,100.00000000000003,-2.6828213504463365,2.022071061422188,4.704892411868524
Clemson,11,214.30179383116885,99.99999999999999,5.984849274461377,5.893271706710445,-0.09157756775093162
St. Thomas,11,197.91355809688213,100.0,-3.618974155418693,2.292577602388133,5.911551757806826
Loyola Marymount,9,172.69037365263173,100.0,-3.2718949181604087,2.478201343688834,5.750096261849243
Northwestern St.,12,223.05652990234208,100.0,-9.696048883774587,-0.9174298450616005,8.778619038712986
Missouri St.,9,170.0578118683806,100.0,-2.987971700566915,1.3418332292079473,4.329804929774863
Sacramento St.,10,178.3696682946683,100.0,-6.524280446666219,0.5440767015569533,7.068357148223172
Central Michigan,10,179.9797476449745,100.0,-5.120097186339246,2.2684620114161946,7.38855919775544
Bethune Cookman,9,163.24469104866213,100.00000000000001,-3.7505856043457317,2.1236009688289412,5.874186573174673
Howard,11,219.56124752140062,99.99999999999999,-8.790376469784702,0.017630222657426052,8.808006692442127
Delaware,6,121.06837267080743,100.0,-3.0200781710628695,-0.29771957705190183,2.722358594010968
Southern,12,216.14716657606198,100.0,-7.083318430888258,0.7182997115508749,7.801618142439133
Utah St.,12,221.9152982556659,99.99999999999997,6.3266433428944024,13.082355989501368,6.755712646606965
Rutgers,10,201.73337067428855,99.99999999999997,-3.4281458979504857,1.7660495327355306,5.194195430686016
UNC Wilmington,9,171.69384101149276,100.0,-0.18707946462113068,2.565033868284387,2.752113332905518
Kansas,12,204.0038139911137,99.99999999999999,7.3389433777763315,10.434067902120805,3.095124524344474
Loyola Chicago,12,218.08414654915563,100.00000000000001,-6.674056861939814,-1.730417725811003,4.943639136128811
Drake,10,188.47084543010752,100.0,-4.967717022410919,1.8877808063273311,6.85549782873825
Norfolk St.,11,195.72958994708995,100.0,-9.827229110251515,-1.8334923756782793,7.993736734573236
Temple,10,172.96904138501466,99.99999999999997,-4.476124543121834,1.167704057075335,5.643828600197169
Miami OH,11,202.603500935784,100.0,1.5364757791216663,4.349688141682748,2.8132123625610816
Kentucky,10,184.44924251152074,99.99999999999999,5.206960374580109,5.663487461514251,0.456527086934142
UMass Lowell,10,186.86196192696195,99.99999999999997,-8.667110604757038,-2.103029824340097,6.564080780416941
Hofstra,9,169.89759512132287,100.00000000000001,0.42790936069624935,2.792528637698308,2.3646192770020584
TCU,9,179.40773731714907,100.0,3.668702769036789,7.416549254003423,3.7478464849666335
Gardner Webb,11,202.42942808266196,100.0,-13.986079083266333,-4.099197485247105,9.886881598019228
North Carolina Central,10,205.14056357585773,100.0,-18.82414758606476,-0.5244518984182287,18.299695687646533
BYU,10,178.34213797640265,100.0,6.974319973602165,7.102553270503523,0.12823329690135843
Cal Poly,12,223.92997853765996,99.99999999999997,-4.998742017261702,0.4387787405393765,5.437520757801079
North Carolina,10,189.72456433073785,100.0,6.00074902798001,6.200096573632687,0.1993475456526772
Lamar,10,191.30462074727046,99.99999999999999,-8.245669017588192,1.345218867966598,9.590887885554789
Akron,11,194.37333444741532,100.00000000000003,2.0041488123109783,5.034726976634251,3.0305781643232725
Iowa,11,221.67541070482247,100.0,6.267225133112829,4.740292530036737,-1.5269326030760917
Fairleigh Dickinson,9,169.37030684513442,99.99999999999999,-8.141218093623086,0.17137675262475044,8.312594846247837
Niagara,10,202.53162700517873,100.0,-10.51428873766035,-0.8984758302417205,9.61581290741863
Loyola MD,11,205.19010407239819,100.00000000000001,-7.91144752733169,-0.44500435774576597,7.466443169585924
New Haven,12,218.43131007554538,99.99999999999999,-13.05801129761533,-2.491317232460468,10.566694065154863
Weber St.,10,183.8907471264368,99.99999999999999,-3.06706678795694,0.9145497341511251,3.981616522108065
Portland,10,190.1511798187445,100.0,-3.087890827620827,2.1886044038346113,5.2764952314554385
Pittsburgh,8,158.25023923444977,100.0,-0.655227295231464,4.093851526124737,4.749078821356201
Creighton,12,225.63637734814208,100.00000000000001,1.7337280943368487,6.893139695280176,5.1594116009433275
Southeastern Louisiana,11,208.53250000000006,99.99999999999999,-11.381463052051572,-2.231994573870012,9.14946847818156
Long Beach St.,10,196.269055678939,100.0,-8.592631773349636,-0.45695660842227354,8.135675164927362
Texas Tech,10,195.0598854968561,100.00000000000001,4.985030327431958,8.398103500917294,3.413073173485336
Illinois,10,195.15437751289144,100.0,5.974048239854014,9.128311376868174,3.1542631370141603
Stanford,11,195.45995940531637,100.00000000000001,0.6331640528674153,4.724806068913773,4.091642016046358
Harvard,10,183.9400446818403,100.00000000000001,-5.77498034010832,2.6478730209374426,8.422853361045764
James Madison,11,202.79445457662032,99.99999999999997,-6.998836127479455,-0.2994723957420011,6.699363731737455
Mississippi,13,239.514565070603,99.99999999999997,-2.78575478351692,0.7910839600244441,3.576838743541364
Arkansas Pine Bluff,10,181.61361998793032,99.99999999999997,-12.945742987806234,-1.9434564764876685,11.002286511318566
Wake Forest,10,186.54648351648348,100.00000000000003,2.108286416797071,3.96093373272577,1.852647315928699
Northwestern,12,241.93159889318997,100.0,-4.020198886138366,1.5661456516982444,5.58634453783661
Cal St. Fullerton,10,183.88478886033323,100.0,-3.6723754081450752,0.22849761689638123,3.9008730250414563
Toledo,9,165.18063076036867,99.99999999999999,-1.1271541458613366,2.5839476026890793,3.7111017485504156
Miami FL,8,150.46138372977083,100.00000000000001,6.539093719304647,7.760449620588023,1.221355901283376
Butler,9,172.20480485893415,99.99999999999999,3.344634355571606,3.9136468540477862,0.5690124984761802
Tennessee Martin,12,228.4868788618789,100.0,-6.546274160860542,2.428675544337377,8.974949705197918
North Dakota,11,206.5823123701217,100.00000000000001,-9.355953826771817,-0.9274094745487127,8.428544352223104
Boston College,10,188.8403009516747,99.99999999999997,-4.5241995476569565,2.4327851408114114,6.956984688468368
Baylor,8,150.51843434343434,100.0,4.4519301249506675,5.16902831661964,0.7170981916689723
Penn St.,11,195.0297166248348,100.0,-2.5396874450528997,2.0089640874201837,4.548651532473084
Furman,11,210.27083253037284,99.99999999999999,-5.618468837588358,-0.23510134122103388,5.383367496367324
Marquette,11,197.83722454964388,99.99999999999999,1.6015199796937072,10.176139281815058,8.57461930212135
IU Indy,12,218.3543519571106,100.00000000000001,-12.561791136175112,-3.575297267342773,8.986493868832339
Saint Mary's,10,181.2406044546851,99.99999999999997,5.765863475944049,6.81385732209012,1.0479938461460714
Ball St.,9,182.82885854150848,100.0,-6.742432326619144,1.6964620005773563,8.4388943271965
Arizona St.,10,182.45812906329036,100.0,2.0672339417034333,2.113992416383674,0.046758474680240525
San Jose St.,11,206.3364045836026,100.0,-3.0285801484196164,2.060110476750388,5.088690625170004
Oregon St.,12,240.7344022631367,100.0,-9.66292686911986,-0.923253079310563,8.739673789809297
Washington St.,10,187.58109598287018,100.0,-0.9901521828137254,2.5512437058151267,3.541395888628852
Mississippi Valley St.,11,207.84695555687978,100.00000000000001,-16.01780733261964,-3.8492751950052613,12.168532137614378
Arkansas St.,11,214.2409856321839,100.0,-3.3880141422188186,4.012897988233561,7.4009121304523795
Purdue Fort Wayne,11,197.7839452332657,100.00000000000001,-8.532730971152393,1.0787825185113924,9.611513489663785
UMKC,10,190.18991768859158,99.99999999999999,-14.05561779859735,-3.564486131913594,10.491131666683756
Tulane,8,159.44156190702088,100.00000000000001,-3.6522522309423913,2.427511634304878,6.079763865247269
Georgia,11,206.33552052785925,100.0,5.933367926323066,6.316216676487398,0.3828487501643325
UC San Diego,11,202.70441366497954,100.00000000000003,-1.5145911819326234,2.255943212556357,3.7705343944889806
Duke,9,169.30463018341308,100.00000000000001,12.821567232028539,9.692625735263812,-3.1289414967647264
DePaul,11,192.68949365035223,100.0,-1.2343746180902297,3.387014463017528,4.621389081107758
UCLA,10,169.6588546220804,99.99999999999999,4.492152001708666,5.586079660515021,1.0939276588063551
Abilene Christian,10,204.06357814599195,100.0,-10.921714153422576,-0.33982794712705416,10.581886206295522
Louisiana,9,171.09987010077737,100.0,-7.122984529496845,-0.762032514058939,6.360952015437906
Louisiana Monroe,11,201.01612968191228,100.0,-14.947235808664585,-4.831458407228536,10.115777401436048
La Salle,12,220.31191245716684,99.99999999999997,-5.434942947901852,1.3036176044998302,6.738560552401681
Southern Indiana,11,199.8567301957302,100.0,-10.59561660956975,-2.5692368493574236,8.026379760212327
Indiana St.,12,230.25523056119,100.0,-9.249812990825284,-1.2739302202009992,7.975882770624285
Bucknell,10,185.36445887445885,100.0,-8.192286392234433,-1.7751526158755435,6.417133776358889
Drexel,11,205.69049671592774,100.00000000000001,-6.940686357116398,0.030798648972679775,6.971485006089078
Northeastern,12,216.2740623350225,99.99999999999997,-9.30647205617079,0.222204510996396,9.528676567167187
Monmouth,9,180.58539528347998,100.00000000000001,0.8605722617297342,8.261625432875018,7.401053171145284
North Texas,10,182.8259660722634,100.0,-3.459192211242538,1.2068027306813607,4.665994941923898
Minnesota,7,130.83968413978496,100.00000000000001,2.5841949460452662,5.601496330310039,3.0173013842647727
Navy,10,180.99327205882355,100.0,0.2584147571342189,6.069472672666555,5.811057915532336
UC Riverside,10,180.6161849749451,100.0,-7.381401079000234,-0.7645639600539167,6.616837118946318
Oakland,8,150.40490698071343,100.0,-1.8747952051545769,1.1518076205183052,3.026602825672882
Colgate,10,182.23492986116483,99.99999999999997,-5.6755221134349965,-6.399059631901344,-0.7235375184663475
Tennessee,13,219.55109349441605,100.0,7.324532237306604,9.751390851565263,2.4268586142586592
Virginia Tech,10,186.6065530553035,99.99999999999999,1.2199178003495592,3.910113519761498,2.6901957194119386
Nebraska Omaha,11,217.7728619277591,100.0,-5.495893010881677,2.209056039063479,7.704949049945156
Penn,11,191.86643787247237,100.00000000000001,-1.7413674909355403,4.102884772418802,5.844252263354343
Northern Kentucky,7,143.4933921288204,100.00000000000001,-2.110451489798506,2.0706978603282886,4.181149350126795
UT Arlington,11,198.85784072249592,100.0,-3.9523135339323865,0.4033282398919016,4.3556417738242885
Wyoming,12,220.57338463358627,100.0,-1.9751599609895634,2.6378821596126887,4.613042120602252
Radford,9,165.7484084880637,99.99999999999999,-4.0753040541448735,-0.054157890409972265,4.021146163734901
American,10,181.70707717569783,100.0,-5.784664364605989,1.3894498163023488,7.174114180908338
Florida,12,234.94700025464738,100.0,5.835038948829579,6.7321032867158666,0.8970643378862873
Dayton,11,210.33141725016725,100.0,-0.23895262840539244,4.397295196010105,4.636247824415497
Kennesaw St.,11,205.69064768776778,100.00000000000001,-2.5100612979610664,1.8726602529823464,4.382721550943413
Saint Louis,11,214.44665218360075,100.0,2.923093812727428,3.1977467026387236,0.27465288991129544
Stephen F. Austin,11,200.28642628205128,99.99999999999999,-1.6356134374617384,2.8244552010272463,4.460068638488985
VMI,9,172.5300653099436,100.00000000000001,-13.36650138297781,-2.538242580259446,10.828258802718365
Davidson,11,214.5855268817204,100.00000000000003,0.05793891620306604,4.260267627911779,4.202328711708713
Brown,10,184.57362918660283,99.99999999999999,-5.621466065059804,0.9234307055716927,6.544896770631496
SIU Edwardsville,11,216.20481060446573,100.0,-8.742433729661272,-1.9245547073793876,6.817879022281884
Columbia,10,182.65687179487185,100.0,-4.177462241728833,-1.3842928160759387,2.793169425652894
Nevada,12,213.41615016706928,100.00000000000001,0.59814674137957,3.002447853609355,2.404301112229785
Wofford,9,168.43131984007996,100.0,-6.10263597981623,-1.0050381249385876,5.097597854877643
Dartmouth,10,193.77775000000003,99.99999999999997,-3.0118997275612145,1.564120629596451,4.576020357157665
Lafayette,11,204.75836103901455,100.00000000000001,-14.86070702364655,-1.4740833303885246,13.386623693258025
New Orleans,10,181.8091287878788,100.0,-3.7028837551704763,1.5504373784098073,5.253321133580283
Army,12,220.27189192985207,100.00000000000001,-16.536499572381878,-5.267488120474803,11.269011451907076
Cornell,14,259.5152917649946,100.0,1.8693315648765507,8.409308703971629,6.539977139095078
Colorado St.,11,219.46054723054723,99.99999999999999,-4.479893294904885,1.7556215876201546,6.23551488252504
USC Upstate,9,167.72726929392448,100.0,-4.285103492332744,0.5850255024443481,4.870128994777092
Colorado,11,207.7525514159552,100.0,0.8958139303603065,4.021704711007013,3.1258907806467064
Le Moyne,10,182.06957949308756,99.99999999999999,-6.925549652768467,-0.9922844822600188,5.933265170508449
West Georgia,9,165.04375478927201,100.00000000000001,-6.524960771108451,-0.5034784938387071,6.021482277269744
Jacksonville,12,226.79729274113666,100.00000000000003,-11.689915499853257,-0.31816965524414853,11.371745844609109
Southeast Missouri St.,10,184.27528735632185,100.0,-5.259505748980857,1.9571595869102518,7.216665335891109
South Carolina St.,12,232.40609881422924,100.0,-17.30659086649085,-4.994379401615555,12.312211464875295
Florida Atlantic,12,230.61013002469454,100.0,-3.4905388766152066,3.569653668495201,7.060192545110407
New Hampshire,9,174.76840496540498,99.99999999999997,-9.658467165771643,-2.050339798219207,7.608127367552436
Stetson,12,222.91702615410168,99.99999999999999,-11.144098670935039,-1.2951297148081804,9.848968956126859
Lehigh,8,159.87151232487838,100.0,-6.5514793060067795,0.13113841801711293,6.682617724023893
Georgia St.,11,197.77313764439185,100.0,-6.7027830126182995,-0.43879929446952304,6.2639837181487765
Holy Cross,10,186.60853400363078,99.99999999999997,-8.96150477275537,-2.365013215020728,6.596491557734643
Air Force,14,287.11486473065315,100.0,-3.537879975796799,8.69790661585563,12.235786591652428
Princeton,12,226.15487781052798,99.99999999999999,-11.30185617083557,-1.161371952026708,10.140484218808862
